Time,Basis %,Action,PnL,Cash Balance
2024-01-01 00:00:00.000,0.004264943735678539,Hold,0.0,1000.0
2024-01-01 08:00:00.000,0.0010241199008506777,Hold,0.0,1000.0
2024-01-01 16:00:00.000,-0.002166400116793024,Hold,0.0,1000.0
2024-01-02 00:00:00.000,0.018107783528497897,TRADE SPOT_GT_MARK,-15.65726395790786,982.8427360420922
2024-01-03 00:00:00.000,0.003161805058134788,Hold,0.0,982.8427360420922
2024-01-03 08:00:00.000,0.0031282770327434426,Hold,0.0,982.8427360420922
2024-01-03 16:00:00.000,-0.0003003556489979444,Hold,0.0,982.8427360420922
2024-01-04 00:00:00.000,0.0005600129309108721,Hold,0.0,982.8427360420922
2024-01-04 08:00:00.000,0.0014613970477245731,Hold,0.0,982.8427360420922
2024-01-04 16:00:00.000,-0.0037718447737722983,Hold,0.0,982.8427360420922
2024-01-05 00:00:00.000,0.000761862653948804,Hold,0.0,982.8427360420922
2024-01-05 08:00:00.000,0.002501398268879449,Hold,0.0,982.8427360420922
2024-01-05 16:00:00.000,-0.006633447100691105,TRADE MARK_GT_SPOT,-7.891450293813443,973.4770216442155
2024-01-06 16:00:00.000,-0.0001438637604012646,Hold,0.0,973.4770216442155
2024-01-07 00:00:00.000,0.003143989078655465,Hold,0.0,973.4770216442155
2024-01-07 08:00:00.000,-0.001692376863187057,Hold,0.0,973.4770216442155
2024-01-07 16:00:00.000,-0.0032908598342517048,Hold,0.0,973.4770216442155
2024-01-08 00:00:00.000,-0.006845892922625529,TRADE MARK_GT_SPOT,-0.7530216523666984,971.2637844593825
2024-01-09 00:00:00.000,-0.006955812952871435,TRADE MARK_GT_SPOT,-2.225240157310169,967.5816486253832
2024-01-10 00:00:00.000,-0.005930297082066203,TRADE MARK_GT_SPOT,-6.862718842541634,959.2675573099035
2024-01-11 00:00:00.000,-2.182723980553157e-05,Hold,0.0,959.2675573099035
2024-01-11 08:00:00.000,0.0034246166339650984,Hold,0.0,959.2675573099035
2024-01-11 16:00:00.000,-0.016991616484691916,TRADE MARK_GT_SPOT,-0.10923349817054057,957.7194224757682
2024-01-12 16:00:00.000,-0.018995635194846823,TRADE MARK_GT_SPOT,-13.752320016383486,942.5305233256711
2024-01-13 16:00:00.000,-0.00563666855311543,TRADE MARK_GT_SPOT,-7.41582599997233,933.7009015407103
2024-01-14 16:00:00.000,0.0010146530869473108,Hold,0.0,933.7009015407103
2024-01-15 00:00:00.000,0.014023996443451054,TRADE SPOT_GT_MARK,-11.57735074542842,920.7229994429708
2024-01-16 00:00:00.000,0.002892883004694763,Hold,0.0,920.7229994429708
2024-01-16 08:00:00.000,0.006524074539463697,TRADE SPOT_GT_MARK,-4.741669737774126,914.6002452060322
2024-01-17 08:00:00.000,0.0026553543795794477,Hold,0.0,914.6002452060322
2024-01-17 16:00:00.000,-0.0019696516257682885,Hold,0.0,914.6002452060322
2024-01-18 00:00:00.000,-0.0015822167927504122,Hold,0.0,914.6002452060322
2024-01-18 08:00:00.001,0.0,Hold,0.0,914.6002452060322
2024-01-18 16:00:00.000,-0.015187731575897312,TRADE MARK_GT_SPOT,-14.72903909706033,898.4993057411629
2024-01-19 16:00:00.002,0.0,Hold,0.0,898.4993057411629
2024-01-20 00:00:00.000,-0.003484573666256153,Hold,0.0,898.4993057411629
2024-01-20 08:00:00.000,-0.0010794932358740646,Hold,0.0,898.4993057411629
2024-01-20 16:00:00.000,0.0005309842643791811,Hold,0.0,898.4993057411629
2024-01-21 00:00:00.000,-0.00043211721539507047,Hold,0.0,898.4993057411629
2024-01-21 08:00:00.001,0.0,Hold,0.0,898.4993057411629
2024-01-21 16:00:00.000,-0.0007527546928198381,Hold,0.0,898.4993057411629
2024-01-22 00:00:00.000,0.0022740241056638205,Hold,0.0,898.4993057411629
2024-01-22 08:00:00.000,-0.0007324397568300008,Hold,0.0,898.4993057411629
2024-01-22 16:00:00.000,-0.004885396077603909,Hold,0.0,898.4993057411629
2024-01-23 00:00:00.000,0.009141753611556983,TRADE SPOT_GT_MARK,-2.2055368953964805,894.9460198871546
2024-01-24 00:00:00.000,0.00783502493011364,TRADE SPOT_GT_MARK,-8.084384242201917,885.519216615122
2024-01-25 00:00:00.001,0.0,Hold,0.0,885.519216615122
2024-01-25 08:00:00.000,-0.0005668200738867674,Hold,0.0,885.519216615122
2024-01-25 16:00:00.000,-0.002035354946019113,Hold,0.0,885.519216615122
2024-01-26 00:00:00.000,-0.0008167959635973676,Hold,0.0,885.519216615122
2024-01-26 08:00:00.000,0.0043404810907515445,Hold,0.0,885.519216615122
2024-01-26 16:00:00.000,0.013122617736315062,TRADE SPOT_GT_MARK,-12.339495770535695,871.8514420196636
2024-01-27 16:00:00.000,0.00043482233274289397,Hold,0.0,871.8514420196636
2024-01-28 00:00:00.001,0.0,Hold,0.0,871.8514420196636
2024-01-28 08:00:00.000,0.0023403057209626823,Hold,0.0,871.8514420196636
2024-01-28 16:00:00.000,0.0010597381284040664,Hold,0.0,871.8514420196636
2024-01-29 00:00:00.000,-0.0014240898277924328,Hold,0.0,871.8514420196636
2024-01-29 08:00:00.000,0.0016058195732244205,Hold,0.0,871.8514420196636
2024-01-29 16:00:00.000,0.013172805627314793,TRADE SPOT_GT_MARK,-9.965055664965227,860.5786091916689
2024-01-30 16:00:00.000,0.002934845752192644,Hold,0.0,860.5786091916689
2024-01-31 00:00:00.001,0.0,Hold,0.0,860.5786091916689
2024-01-31 08:00:00.000,-0.0012196036484704382,Hold,0.0,860.5786091916689
2024-01-31 16:00:00.000,0.003132882417657382,Hold,0.0,860.5786091916689
2024-02-01 00:00:00.000,-0.0018239957836325763,Hold,0.0,860.5786091916689
2024-02-01 08:00:00.000,0.002175450452531941,Hold,0.0,860.5786091916689
2024-02-01 16:00:00.002,0.0,Hold,0.0,860.5786091916689
2024-02-02 00:00:00.000,0.0026056097989527838,Hold,0.0,860.5786091916689
2024-02-02 08:00:00.000,-0.0011261661561202017,Hold,0.0,860.5786091916689
2024-02-02 16:00:00.000,0.0002118644554979121,Hold,0.0,860.5786091916689
2024-02-03 00:00:00.000,0.0014913575517586004,Hold,0.0,860.5786091916689
2024-02-03 08:00:00.000,-4.207659381366373e-05,Hold,0.0,860.5786091916689
2024-02-03 16:00:00.000,9.990127819814615e-05,Hold,0.0,860.5786091916689
2024-02-04 00:00:00.000,0.0004708409917655142,Hold,0.0,860.5786091916689
2024-02-04 08:00:00.000,-0.0003446644195325416,Hold,0.0,860.5786091916689
2024-02-04 16:00:00.000,7.36370847545017e-05,Hold,0.0,860.5786091916689
2024-02-05 00:00:00.000,-0.004405905112868133,Hold,0.0,860.5786091916689
2024-02-05 08:00:00.000,-0.0002456224251182673,Hold,0.0,860.5786091916689
2024-02-05 16:00:00.000,0.0033126907242087005,Hold,0.0,860.5786091916689
2024-02-06 00:00:00.000,-0.0012103189786749344,Hold,0.0,860.5786091916689
2024-02-06 08:00:00.000,0.005304233792642581,TRADE SPOT_GT_MARK,-4.022909307098763,855.2648319707827
2024-02-07 08:00:00.000,0.0018983964743357526,Hold,0.0,855.2648319707827
2024-02-07 16:00:00.000,0.004872954213749014,Hold,0.0,855.2648319707827
2024-02-08 00:00:00.000,0.007498655318592731,TRADE SPOT_GT_MARK,-7.842728698440544,846.139206024386
2024-02-09 00:00:00.000,-0.0004420499574953189,Hold,0.0,846.139206024386
2024-02-09 08:00:00.000,0.009155379904884116,TRADE SPOT_GT_MARK,-10.287140656343745,834.5828565590057
2024-02-10 08:00:00.000,-0.0017669157763068567,Hold,0.0,834.5828565590057
2024-02-10 16:00:00.000,-0.002402116402116402,Hold,0.0,834.5828565590057
2024-02-11 00:00:00.000,-0.0006404450810486645,Hold,0.0,834.5828565590057
2024-02-11 08:00:00.000,-0.0012080093610303847,Hold,0.0,834.5828565590057
2024-02-11 16:00:00.000,-0.0015705548899145492,Hold,0.0,834.5828565590057
2024-02-12 00:00:00.000,0.0056430810838614546,TRADE SPOT_GT_MARK,-3.3995127588517366,829.9314695153154
2024-02-13 00:00:00.000,0.0027248839105258773,Hold,0.0,829.9314695153154
2024-02-13 08:00:00.000,0.0015559286308028217,Hold,0.0,829.9314695153154
2024-02-13 16:00:00.000,-0.005999331230208463,TRADE MARK_GT_SPOT,-4.76513560557058,823.9214367054718
2024-02-14 16:00:00.000,-0.0012960110582603702,Hold,0.0,823.9214367054718
2024-02-15 00:00:00.000,0.008938036433032882,TRADE SPOT_GT_MARK,-9.031562213403262,813.6539923370103
2024-02-16 00:00:00.000,-0.0010832641152457576,Hold,0.0,813.6539923370103
2024-02-16 08:00:00.000,0.00018136459492992295,Hold,0.0,813.6539923370103
2024-02-16 16:00:00.000,0.0018093362169515125,Hold,0.0,813.6539923370103
2024-02-17 00:00:00.000,-0.0035478176594787303,Hold,0.0,813.6539923370103
2024-02-17 08:00:00.000,-0.0043504050347109805,Hold,0.0,813.6539923370103
2024-02-17 16:00:00.000,-0.0018502996587914683,Hold,0.0,813.6539923370103
2024-02-18 00:00:00.000,-0.0004015329852090729,Hold,0.0,813.6539923370103
2024-02-18 08:00:00.000,0.0015421318063079106,Hold,0.0,813.6539923370103
2024-02-18 16:00:00.000,0.0001630329071330069,Hold,0.0,813.6539923370103
2024-02-19 00:00:00.000,0.0001242292724627466,Hold,0.0,813.6539923370103
2024-02-19 08:00:00.000,-0.00686392122613892,TRADE MARK_GT_SPOT,-4.715633301880133,807.7178780466246
2024-02-20 08:00:00.000,-0.0018232103953893283,Hold,0.0,807.7178780466246
2024-02-20 16:00:00.000,-0.0060131899781559455,TRADE MARK_GT_SPOT,-8.440719015709169,798.0655822138455
2024-02-21 16:00:00.000,0.003396343929923787,Hold,0.0,798.0655822138455
2024-02-22 00:00:00.000,-0.007052433053503838,TRADE MARK_GT_SPOT,-8.51387240901085,788.3546114315138
2024-02-23 00:00:00.000,0.003028810135290711,Hold,0.0,788.3546114315138
2024-02-23 08:00:00.000,0.0003755994579122443,Hold,0.0,788.3546114315138
2024-02-23 16:00:00.000,0.002207018593788811,Hold,0.0,788.3546114315138
2024-02-24 00:00:00.000,0.002580115230736495,Hold,0.0,788.3546114315138
2024-02-24 08:00:00.000,-0.0019821582228190917,Hold,0.0,788.3546114315138
2024-02-24 16:00:00.001,0.0,Hold,0.0,788.3546114315138
2024-02-25 00:00:00.000,-0.0019105380120286986,Hold,0.0,788.3546114315138
2024-02-25 08:00:00.000,-0.0029771524284991115,Hold,0.0,788.3546114315138
2024-02-25 16:00:00.000,-0.0029852398003987965,Hold,0.0,788.3546114315138
2024-02-26 00:00:00.000,-0.001552041084852759,Hold,0.0,788.3546114315138
2024-02-26 08:00:00.000,-0.001177362177991181,Hold,0.0,788.3546114315138
2024-02-26 16:00:00.000,0.009343197690735166,TRADE SPOT_GT_MARK,-4.410748786370323,782.7613307279963
2024-02-27 16:00:00.000,0.003926432234321152,Hold,0.0,782.7613307279963
2024-02-28 00:00:00.000,-0.001716380188209008,Hold,0.0,782.7613307279963
2024-02-28 08:00:00.001,0.0,Hold,0.0,782.7613307279963
2024-02-28 16:00:00.000,0.022078917455791,TRADE SPOT_GT_MARK,-25.11253581385723,756.4746529180471
2024-02-29 16:00:00.000,-0.010810820374519215,TRADE MARK_GT_SPOT,-9.023504404427765,746.3164365342424
2024-03-01 16:00:00.000,0.0014523628093856243,Hold,0.0,746.3164365342424
2024-03-02 00:00:00.000,-0.002679133656361799,Hold,0.0,746.3164365342424
2024-03-02 08:00:00.000,-0.0031701831008381803,Hold,0.0,746.3164365342424
2024-03-02 16:00:00.001,0.0,Hold,0.0,746.3164365342424
2024-03-03 00:00:00.000,-0.005953378558204177,TRADE MARK_GT_SPOT,-7.64586538969896,737.551096489742
2024-03-04 00:00:00.000,0.004188511376583147,Hold,0.0,737.551096489742
2024-03-04 08:00:00.000,0.01635441963866943,TRADE SPOT_GT_MARK,-11.815723949845703,724.6290458951617
2024-03-05 08:00:00.002,0.0,Hold,0.0,724.6290458951617
2024-03-05 16:00:00.000,-0.021010755163904753,TRADE MARK_GT_SPOT,-20.86520395329656,702.6768983730223
2024-03-06 16:00:00.000,0.007680000520078641,TRADE SPOT_GT_MARK,-6.546725331596997,695.0761576938656
2024-03-07 16:00:00.000,-0.0010991914004541768,Hold,0.0,695.0761576938656
2024-03-08 00:00:00.000,0.0012338580066538843,Hold,0.0,695.0761576938656
2024-03-08 08:00:00.000,-0.002967628374663597,Hold,0.0,695.0761576938656
2024-03-08 16:00:00.001,0.0,Hold,0.0,695.0761576938656
2024-03-09 00:00:00.000,-0.0029587367167788264,Hold,0.0,695.0761576938656
2024-03-09 08:00:00.001,0.0,Hold,0.0,695.0761576938656
2024-03-09 16:00:00.000,-0.005761567692867823,TRADE MARK_GT_SPOT,-4.388992810407875,689.644550646917
2024-03-10 16:00:00.000,0.0006124469618338966,Hold,0.0,689.644550646917
2024-03-11 00:00:00.000,-0.014269709567332698,TRADE MARK_GT_SPOT,-6.984004572438721,681.6260792485078
2024-03-12 00:00:00.000,-0.002886998117887841,Hold,0.0,681.6260792485078
2024-03-12 08:00:00.001,0.0,Hold,0.0,681.6260792485078
2024-03-12 16:00:00.000,-0.018333260764087565,TRADE MARK_GT_SPOT,-15.019952572637283,665.5836875569978
2024-03-13 16:00:00.000,0.0033979983908687815,Hold,0.0,665.5836875569978
2024-03-14 00:00:00.000,-0.0037553651077517924,Hold,0.0,665.5836875569978
2024-03-14 08:00:00.000,5.741866155608395e-05,Hold,0.0,665.5836875569978
2024-03-14 16:00:00.002,0.0,Hold,0.0,665.5836875569978
2024-03-15 00:00:00.000,0.006963212724069836,TRADE SPOT_GT_MARK,-5.193212933959439,659.3920990917029
2024-03-16 00:00:00.001,0.0,Hold,0.0,659.3920990917029
2024-03-16 08:00:00.001,0.0,Hold,0.0,659.3920990917029
2024-03-16 16:00:00.000,-0.0030936959437312082,Hold,0.0,659.3920990917029
2024-03-17 00:00:00.000,-0.0013445273515785075,Hold,0.0,659.3920990917029
2024-03-17 08:00:00.000,0.013249931224829545,TRADE SPOT_GT_MARK,-10.908665141953547,647.4943458011119
2024-03-18 08:00:00.000,-0.002418444734554504,Hold,0.0,647.4943458011119
2024-03-18 16:00:00.001,0.0,Hold,0.0,647.4943458011119
2024-03-19 00:00:00.000,-0.008240647660886653,TRADE MARK_GT_SPOT,-18.130658381516454,628.3924459008938
2024-03-20 00:00:00.000,0.020334200246022373,TRADE SPOT_GT_MARK,-15.668371736835475,611.7814854952069
2024-03-21 00:00:00.000,-0.0031926214969847464,Hold,0.0,611.7814854952069
2024-03-21 08:00:00.000,0.003735682793193965,Hold,0.0,611.7814854952069
2024-03-21 16:00:00.000,0.0030262638016297794,Hold,0.0,611.7814854952069
2024-03-22 00:00:00.000,0.004277788612183475,Hold,0.0,611.7814854952069
2024-03-22 08:00:00.000,-0.00561937564418253,TRADE MARK_GT_SPOT,-3.205547209483345,607.6582660574807
2024-03-23 08:00:00.000,-0.001462818979544818,Hold,0.0,607.6582660574807
2024-03-23 16:00:00.000,0.007728842282536342,TRADE SPOT_GT_MARK,-9.437300308180523,597.3094783502139
2024-03-24 16:00:00.000,-0.006989528121793132,TRADE MARK_GT_SPOT,-6.931181730611331,589.4823324020772
2024-03-25 16:00:00.000,0.0035410455962717425,Hold,0.0,589.4823324020772
2024-03-26 00:00:00.000,-0.001084514901349247,Hold,0.0,589.4823324020772
2024-03-26 08:00:00.000,0.0023164736413422266,Hold,0.0,589.4823324020772
2024-03-26 16:00:00.000,-0.008606196559041534,TRADE MARK_GT_SPOT,-7.771148130194459,580.8269607732797
2024-03-27 16:00:00.000,0.004797527583617311,Hold,0.0,580.8269607732797
2024-03-28 00:00:00.000,0.002865352435779687,Hold,0.0,580.8269607732797
2024-03-28 08:00:00.000,0.0018277624362231341,Hold,0.0,580.8269607732797
2024-03-28 16:00:00.000,-0.008845338496002445,TRADE MARK_GT_SPOT,-5.529393162441367,574.4263271696784
2024-03-29 16:00:00.001,0.0,Hold,0.0,574.4263271696784
2024-03-30 00:00:00.000,-4.841383697801762e-05,Hold,0.0,574.4263271696784
2024-03-30 08:00:00.000,0.00016022065571542313,Hold,0.0,574.4263271696784
2024-03-30 16:00:00.004,0.0,Hold,0.0,574.4263271696784
2024-03-31 00:00:00.000,0.0030396885517849697,Hold,0.0,574.4263271696784
2024-03-31 08:00:00.000,-0.0018230723251644583,Hold,0.0,574.4263271696784
2024-03-31 16:00:00.000,0.0002456391947633899,Hold,0.0,574.4263271696784
2024-04-01 00:00:00.000,-0.0032611479004497302,Hold,0.0,574.4263271696784
2024-04-01 08:00:00.000,-0.0037521992072477653,Hold,0.0,574.4263271696784
2024-04-01 16:00:00.001,0.0,Hold,0.0,574.4263271696784
2024-04-02 00:00:00.003,0.0,Hold,0.0,574.4263271696784
2024-04-02 08:00:00.000,-0.0041691393341971,Hold,0.0,574.4263271696784
2024-04-02 16:00:00.000,0.00964162275457785,TRADE SPOT_GT_MARK,-3.5026196163920895,570.0620680625318
2024-04-03 16:00:00.000,0.004711473520911773,Hold,0.0,570.0620680625318
2024-04-04 00:00:00.000,0.005391624426743818,TRADE SPOT_GT_MARK,-2.780318389282581,566.4266565711555
2024-04-05 00:00:00.000,0.0017074421143922869,Hold,0.0,566.4266565711555
2024-04-05 08:00:00.000,0.0036486312011356054,Hold,0.0,566.4266565711555
2024-04-05 16:00:00.000,-0.004067948863492498,Hold,0.0,566.4266565711555
2024-04-06 00:00:00.000,0.001015783975893012,Hold,0.0,566.4266565711555
2024-04-06 08:00:00.000,-0.00038022623608080237,Hold,0.0,566.4266565711555
2024-04-06 16:00:00.000,0.0002654831188544069,Hold,0.0,566.4266565711555
2024-04-07 00:00:00.000,0.001071532650512145,Hold,0.0,566.4266565711555
2024-04-07 08:00:00.000,0.0015545511275981616,Hold,0.0,566.4266565711555
2024-04-07 16:00:00.000,0.007318290615064009,TRADE SPOT_GT_MARK,-5.166063464893545,560.4109531214052
2024-04-08 16:00:00.000,-0.0008070800012823258,Hold,0.0,560.4109531214052
2024-04-09 00:00:00.000,-0.0030245033638340575,Hold,0.0,560.4109531214052
2024-04-09 08:00:00.000,0.0015902125403953926,Hold,0.0,560.4109531214052
2024-04-09 16:00:00.000,-0.009761774247229228,TRADE MARK_GT_SPOT,-12.949905612219583,546.6204310795035
2024-04-10 16:00:00.000,0.012201438848920863,TRADE SPOT_GT_MARK,-7.050266216839406,538.7502342160449
2024-04-11 16:00:00.000,0.0005140548068981504,Hold,0.0,538.7502342160449
2024-04-12 00:00:00.000,0.004112706917321898,Hold,0.0,538.7502342160449
2024-04-12 08:00:00.001,0.0,Hold,0.0,538.7502342160449
2024-04-12 16:00:00.000,-0.006437734215333155,TRADE MARK_GT_SPOT,-2.3051022784639135,535.6370065862569
2024-04-13 16:00:00.000,-0.0037768380249722767,Hold,0.0,535.6370065862569
2024-04-14 00:00:00.000,-0.004882907859288047,Hold,0.0,535.6370065862569
2024-04-14 08:00:00.000,0.0005500124122374223,Hold,0.0,535.6370065862569
2024-04-14 16:00:00.000,0.0038500056305954948,Hold,0.0,535.6370065862569
2024-04-15 00:00:00.000,-0.002872459656933369,Hold,0.0,535.6370065862569
2024-04-15 08:00:00.001,0.0,Hold,0.0,535.6370065862569
2024-04-15 16:00:00.000,-0.007038188356692342,TRADE MARK_GT_SPOT,-12.426067403006098,522.4074836733714
2024-04-16 16:00:00.000,0.015132893039953244,TRADE SPOT_GT_MARK,-9.250855234355717,512.3730172135056
2024-04-17 16:00:00.000,-0.0012334766874962035,Hold,0.0,512.3730172135056
2024-04-18 00:00:00.001,0.0,Hold,0.0,512.3730172135056
2024-04-18 08:00:00.000,0.0026555411755805444,Hold,0.0,512.3730172135056
2024-04-18 16:00:00.000,0.000335553991455645,Hold,0.0,512.3730172135056
2024-04-19 00:00:00.000,-0.012227589058265275,TRADE MARK_GT_SPOT,-3.8375211705631624,507.7669365171222
2024-04-20 00:00:00.000,-0.005951499980061261,TRADE MARK_GT_SPOT,-2.382943775295058,504.6223423370514
2024-04-21 00:00:00.000,-0.002870131068446808,Hold,0.0,504.6223423370514
2024-04-21 08:00:00.000,-0.0031329153992271175,Hold,0.0,504.6223423370514
2024-04-21 16:00:00.000,-0.006839651401854817,TRADE MARK_GT_SPOT,-5.3946626499780095,498.4707461735678
2024-04-22 16:00:00.000,0.0025203035368747775,Hold,0.0,498.4707461735678
2024-04-23 00:00:00.000,0.0033599514147341805,Hold,0.0,498.4707461735678
2024-04-23 08:00:00.000,0.0015867988963842669,Hold,0.0,498.4707461735678
2024-04-23 16:00:00.000,0.005198108209822926,TRADE SPOT_GT_MARK,-1.5389605146197893,496.1840795396877
2024-04-24 16:00:00.000,0.0033643013673261522,Hold,0.0,496.1840795396877
2024-04-25 00:00:00.000,0.004877270911322873,Hold,0.0,496.1840795396877
2024-04-25 08:00:00.000,-0.0003349555691288912,Hold,0.0,496.1840795396877
2024-04-25 16:00:00.001,0.0,Hold,0.0,496.1840795396877
2024-04-26 00:00:00.000,-0.0023118778771154297,Hold,0.0,496.1840795396877
2024-04-26 08:00:00.000,0.002569377061905686,Hold,0.0,496.1840795396877
2024-04-26 16:00:00.000,0.003515569838512571,Hold,0.0,496.1840795396877
2024-04-27 00:00:00.000,-0.008610206801020386,TRADE MARK_GT_SPOT,-6.688876469794859,488.7509269505833
2024-04-28 00:00:00.000,0.0037155414069007906,Hold,0.0,488.7509269505833
2024-04-28 08:00:00.001,0.0,Hold,0.0,488.7509269505833
2024-04-28 16:00:00.001,0.0,Hold,0.0,488.7509269505833
2024-04-29 00:00:00.001,0.0,Hold,0.0,488.7509269505833
2024-04-29 08:00:00.000,0.000557939969870849,Hold,0.0,488.7509269505833
2024-04-29 16:00:00.000,-0.0035292142716543623,Hold,0.0,488.7509269505833
2024-04-30 00:00:00.000,0.011762707129297044,TRADE SPOT_GT_MARK,-9.093711355629772,478.92408920452766
2024-05-01 00:00:00.000,-0.006032977443606531,TRADE MARK_GT_SPOT,0.3316979492520656,478.53740101997295
2024-05-02 00:00:00.000,-0.008211190644220953,TRADE MARK_GT_SPOT,-4.443547464690394,473.3760474537526
2024-05-03 00:00:00.000,-0.0005496633711553298,Hold,0.0,473.3760474537526
2024-05-03 08:00:00.000,0.0011800562557079996,Hold,0.0,473.3760474537526
2024-05-03 16:00:00.000,0.0001214292859228109,Hold,0.0,473.3760474537526
2024-05-04 00:00:00.000,0.0031661456675457804,Hold,0.0,473.3760474537526
2024-05-04 08:00:00.000,0.003118224155906412,Hold,0.0,473.3760474537526
2024-05-04 16:00:00.001,0.0,Hold,0.0,473.3760474537526
2024-05-05 00:00:00.000,-0.005869018746323424,TRADE MARK_GT_SPOT,-4.8290457981102195,467.8369375844618
2024-05-06 00:00:00.000,0.003142731588423307,Hold,0.0,467.8369375844618
2024-05-06 08:00:00.000,0.009305192449876485,TRADE SPOT_GT_MARK,-0.8012228773608104,466.33395930072425
2024-05-07 08:00:00.000,0.008925962376229913,TRADE SPOT_GT_MARK,-3.3193326982709337,462.3151256635022
2024-05-08 08:00:00.000,0.0031100107589474408,Hold,0.0,462.3151256635022
2024-05-08 16:00:00.000,0.003282037911936139,Hold,0.0,462.3151256635022
2024-05-09 00:00:00.000,0.004107429425081427,Hold,0.0,462.3151256635022
2024-05-09 08:00:00.000,0.0018691893655194674,Hold,0.0,462.3151256635022
2024-05-09 16:00:00.000,-0.004272053077596035,Hold,0.0,462.3151256635022
2024-05-10 00:00:00.000,-0.0030803270426680227,Hold,0.0,462.3151256635022
2024-05-10 08:00:00.001,0.0,Hold,0.0,462.3151256635022
2024-05-10 16:00:00.000,0.0031052107086213874,Hold,0.0,462.3151256635022
2024-05-11 00:00:00.000,0.00027832111604491114,Hold,0.0,462.3151256635022
2024-05-11 08:00:00.000,-0.002978620335910481,Hold,0.0,462.3151256635022
2024-05-11 16:00:00.000,0.0011203372186064033,Hold,0.0,462.3151256635022
2024-05-12 00:00:00.000,0.0032093541933155743,Hold,0.0,462.3151256635022
2024-05-12 08:00:00.000,0.004579363429662614,Hold,0.0,462.3151256635022
2024-05-12 16:00:00.000,-0.0003949678198216989,Hold,0.0,462.3151256635022
2024-05-13 00:00:00.000,0.0014873305416149031,Hold,0.0,462.3151256635022
2024-05-13 08:00:00.000,0.007552724495030738,TRADE SPOT_GT_MARK,-4.8799127114348115,456.7417402635721
2024-05-14 08:00:00.000,-0.0017159889448926326,Hold,0.0,456.7417402635721
2024-05-14 16:00:00.000,-0.0046877996416590855,Hold,0.0,456.7417402635721
2024-05-15 00:00:00.000,-0.0013957080553107302,Hold,0.0,456.7417402635721
2024-05-15 08:00:00.000,-0.00011087239842100033,Hold,0.0,456.7417402635721
2024-05-15 16:00:00.003,0.0,Hold,0.0,456.7417402635721
2024-05-16 00:00:00.000,-0.001970880761123459,Hold,0.0,456.7417402635721
2024-05-16 08:00:00.000,0.0026680476842733487,Hold,0.0,456.7417402635721
2024-05-16 16:00:00.000,-0.00986889352926002,TRADE MARK_GT_SPOT,-3.1316095547285596,452.92501809844816
2024-05-17 16:00:00.000,-0.004222471869486318,Hold,0.0,452.92501809844816
2024-05-18 00:00:00.000,-0.002193507251210493,Hold,0.0,452.92501809844816
2024-05-18 08:00:00.000,0.0021437440910526896,Hold,0.0,452.92501809844816
2024-05-18 16:00:00.001,0.0,Hold,0.0,452.92501809844816
2024-05-19 00:00:00.000,-5.186339808687081e-05,Hold,0.0,452.92501809844816
2024-05-19 08:00:00.000,-0.0023776191249822464,Hold,0.0,452.92501809844816
2024-05-19 16:00:00.000,-0.0032238496651992386,Hold,0.0,452.92501809844816
2024-05-20 00:00:00.000,0.0033016239359952796,Hold,0.0,452.92501809844816
2024-05-20 08:00:00.000,-0.0006141926977921029,Hold,0.0,452.92501809844816
2024-05-20 16:00:00.000,0.011476779839173076,TRADE SPOT_GT_MARK,-6.974485731531944,445.2711448397685
2024-05-21 16:00:00.000,-0.0027755916164127984,Hold,0.0,445.2711448397685
2024-05-22 00:00:00.000,-0.0003435538585920205,Hold,0.0,445.2711448397685
2024-05-22 08:00:00.001,0.0,Hold,0.0,445.2711448397685
2024-05-22 16:00:00.000,-0.003305145900861504,Hold,0.0,445.2711448397685
2024-05-23 00:00:00.000,0.004733969776320177,Hold,0.0,445.2711448397685
2024-05-23 08:00:00.000,-0.0007190622085670799,Hold,0.0,445.2711448397685
2024-05-23 16:00:00.000,-0.0034416165188156287,Hold,0.0,445.2711448397685
2024-05-24 00:00:00.000,-0.0017390791723162176,Hold,0.0,445.2711448397685
2024-05-24 08:00:00.000,0.0007156760697808976,Hold,0.0,445.2711448397685
2024-05-24 16:00:00.001,0.0,Hold,0.0,445.2711448397685
2024-05-25 00:00:00.003,0.0,Hold,0.0,445.2711448397685
2024-05-25 08:00:00.000,0.002106518184889496,Hold,0.0,445.2711448397685
2024-05-25 16:00:00.000,9.263740752015403e-05,Hold,0.0,445.2711448397685
2024-05-26 00:00:00.000,-0.0019228281167215256,Hold,0.0,445.2711448397685
2024-05-26 08:00:00.000,-0.0027019824804189823,Hold,0.0,445.2711448397685
2024-05-26 16:00:00.000,-0.000262889368366948,Hold,0.0,445.2711448397685
2024-05-27 00:00:00.000,0.004915052435779506,Hold,0.0,445.2711448397685
2024-05-27 08:00:00.000,-6.120307764043323e-05,Hold,0.0,445.2711448397685
2024-05-27 16:00:00.000,-0.003232269906367062,Hold,0.0,445.2711448397685
2024-05-28 00:00:00.000,-0.0005346120588819402,Hold,0.0,445.2711448397685
2024-05-28 08:00:00.000,0.007637229654669885,TRADE SPOT_GT_MARK,-4.024264835401148,440.5789732871077
2024-05-29 08:00:00.000,-0.0005228928809215804,Hold,0.0,440.5789732871077
2024-05-29 16:00:00.000,0.0031275173865275593,Hold,0.0,440.5789732871077
2024-05-30 00:00:00.000,2.5285099211286365e-05,Hold,0.0,440.5789732871077
2024-05-30 08:00:00.000,0.001719039559774601,Hold,0.0,440.5789732871077
2024-05-30 16:00:00.000,0.0024098666200710584,Hold,0.0,440.5789732871077
2024-05-31 00:00:00.000,0.001687450813175636,Hold,0.0,440.5789732871077
2024-05-31 08:00:00.001,0.0,Hold,0.0,440.5789732871077
2024-05-31 16:00:00.000,0.0004615405801279174,Hold,0.0,440.5789732871077
2024-06-01 00:00:00.000,0.002374671978663773,Hold,0.0,440.5789732871077
2024-06-01 08:00:00.001,0.0,Hold,0.0,440.5789732871077
2024-06-01 16:00:00.000,0.0006268743757939913,Hold,0.0,440.5789732871077
2024-06-02 00:00:00.000,0.002430688445550828,Hold,0.0,440.5789732871077
2024-06-02 08:00:00.000,0.0008482572939869253,Hold,0.0,440.5789732871077
2024-06-02 16:00:00.000,-0.0003798622775319809,Hold,0.0,440.5789732871077
2024-06-03 00:00:00.000,0.0012718456864599442,Hold,0.0,440.5789732871077
2024-06-03 08:00:00.000,0.0033738250051524605,Hold,0.0,440.5789732871077
2024-06-03 16:00:00.000,-0.007908935496110181,TRADE MARK_GT_SPOT,-5.996744622026244,433.9213602051508
2024-06-04 16:00:00.000,0.004464689265536805,Hold,0.0,433.9213602051508
2024-06-05 00:00:00.000,0.0026562676613541315,Hold,0.0,433.9213602051508
2024-06-05 08:00:00.000,-0.004295361379079951,Hold,0.0,433.9213602051508
2024-06-05 16:00:00.000,-0.004425995512444546,Hold,0.0,433.9213602051508
2024-06-06 00:00:00.001,0.0,Hold,0.0,433.9213602051508
2024-06-06 08:00:00.000,-0.002466772140955235,Hold,0.0,433.9213602051508
2024-06-06 16:00:00.000,-0.005189577062803662,TRADE MARK_GT_SPOT,-1.1960112025607383,432.0744669622823
2024-06-07 16:00:00.000,-0.003366986264394909,Hold,0.0,432.0744669622823
2024-06-08 00:00:00.001,0.0,Hold,0.0,432.0744669622823
2024-06-08 08:00:00.000,-0.0016807117119517294,Hold,0.0,432.0744669622823
2024-06-08 16:00:00.000,-0.0008567868834504897,Hold,0.0,432.0744669622823
2024-06-09 00:00:00.000,-0.0004576381540291227,Hold,0.0,432.0744669622823
2024-06-09 08:00:00.000,0.0006932453624004202,Hold,0.0,432.0744669622823
2024-06-09 16:00:00.000,0.0014187864678967435,Hold,0.0,432.0744669622823
2024-06-10 00:00:00.000,-0.001470816772687829,Hold,0.0,432.0744669622823
2024-06-10 08:00:00.000,0.0013593526466583426,Hold,0.0,432.0744669622823
2024-06-10 16:00:00.000,-0.0012117102752422291,Hold,0.0,432.0744669622823
2024-06-11 00:00:00.000,-0.0016906578726523485,Hold,0.0,432.0744669622823
2024-06-11 08:00:00.000,3.554673996482038e-06,Hold,0.0,432.0744669622823
2024-06-11 16:00:00.000,0.004207793808066345,Hold,0.0,432.0744669622823
2024-06-12 00:00:00.003,0.0,Hold,0.0,432.0744669622823
2024-06-12 08:00:00.000,-0.0006920552825155351,Hold,0.0,432.0744669622823
2024-06-12 16:00:00.000,-0.0018903700298782725,Hold,0.0,432.0744669622823
2024-06-13 00:00:00.000,0.0012866965354319851,Hold,0.0,432.0744669622823
2024-06-13 08:00:00.001,0.0,Hold,0.0,432.0744669622823
2024-06-13 16:00:00.001,0.0,Hold,0.0,432.0744669622823
2024-06-14 00:00:00.000,-0.0002947799962623973,Hold,0.0,432.0744669622823
2024-06-14 08:00:00.000,0.004217891221174974,Hold,0.0,432.0744669622823
2024-06-14 16:00:00.000,-0.016212970989410852,TRADE MARK_GT_SPOT,-6.802961282761187,424.62339397907766
2024-06-15 16:00:00.000,-0.0014150526245014893,Hold,0.0,424.62339397907766
2024-06-16 00:00:00.000,5.247465567832123e-05,Hold,0.0,424.62339397907766
2024-06-16 08:00:00.000,0.0009281374735919126,Hold,0.0,424.62339397907766
2024-06-16 16:00:00.000,-0.000931630796644515,Hold,0.0,424.62339397907766
2024-06-17 00:00:00.001,0.0,Hold,0.0,424.62339397907766
2024-06-17 08:00:00.000,0.001125800280415931,Hold,0.0,424.62339397907766
2024-06-17 16:00:00.000,0.009027588090685627,TRADE SPOT_GT_MARK,-3.930924283214995,420.05553460489404
2024-06-18 16:00:00.000,0.0012517582806692443,Hold,0.0,420.05553460489404
2024-06-19 00:00:00.000,0.0005008099945135926,Hold,0.0,420.05553460489404
2024-06-19 08:00:00.000,-0.001542047313377561,Hold,0.0,420.05553460489404
2024-06-19 16:00:00.000,0.0007479714969873961,Hold,0.0,420.05553460489404
2024-06-20 00:00:00.000,0.002658296584334951,Hold,0.0,420.05553460489404
2024-06-20 08:00:00.000,-0.0017812357878131005,Hold,0.0,420.05553460489404
2024-06-20 16:00:00.000,0.001703472572432524,Hold,0.0,420.05553460489404
2024-06-21 00:00:00.001,0.0,Hold,0.0,420.05553460489404
2024-06-21 08:00:00.000,-0.007742062667544905,TRADE MARK_GT_SPOT,-2.7051676537295086,416.72028364925717
2024-06-22 08:00:00.000,-0.0024504460491388967,Hold,0.0,416.72028364925717
2024-06-22 16:00:00.000,0.0012341172314978398,Hold,0.0,416.72028364925717
2024-06-23 00:00:00.000,0.004008131343500258,Hold,0.0,416.72028364925717
2024-06-23 08:00:00.000,0.0005191362182067935,Hold,0.0,416.72028364925717
2024-06-23 16:00:00.000,-0.0018611081290693455,Hold,0.0,416.72028364925717
2024-06-24 00:00:00.000,-0.0011667723525681443,Hold,0.0,416.72028364925717
2024-06-24 08:00:00.000,0.0056594100644466365,TRADE SPOT_GT_MARK,-2.935409055918279,413.159794167865
2024-06-25 08:00:00.001,0.0,Hold,0.0,413.159794167865
2024-06-25 16:00:00.000,-0.006252258993604978,TRADE MARK_GT_SPOT,-1.9835690879183898,410.5564853886948
2024-06-26 16:00:00.000,-0.002657896461485039,Hold,0.0,410.5564853886948
2024-06-27 00:00:00.000,0.002721692881833936,Hold,0.0,410.5564853886948
2024-06-27 08:00:00.000,0.0018992540991686418,Hold,0.0,410.5564853886948
2024-06-27 16:00:00.004,0.0,Hold,0.0,410.5564853886948
2024-06-28 00:00:00.001,0.0,Hold,0.0,410.5564853886948
2024-06-28 08:00:00.000,0.003100347249952474,Hold,0.0,410.5564853886948
2024-06-28 16:00:00.000,-0.0009515915734178245,Hold,0.0,410.5564853886948
2024-06-29 00:00:00.000,0.0071648002796083216,TRADE SPOT_GT_MARK,-2.549950523239036,407.39070013737273
2024-06-30 00:00:00.000,0.0017476572953016687,Hold,0.0,407.39070013737273
2024-06-30 08:00:00.000,0.0017963936726893516,Hold,0.0,407.39070013737273
2024-06-30 16:00:00.001,0.0,Hold,0.0,407.39070013737273
2024-07-01 00:00:00.000,0.003381358619360354,Hold,0.0,407.39070013737273
2024-07-01 08:00:00.000,-0.004818359189694268,Hold,0.0,407.39070013737273
2024-07-01 16:00:00.000,0.0012112289908654073,Hold,0.0,407.39070013737273
2024-07-02 00:00:00.000,0.001157697096540155,Hold,0.0,407.39070013737273
2024-07-02 08:00:00.000,0.0018989944313077664,Hold,0.0,407.39070013737273
2024-07-02 16:00:00.000,0.0009403534844218325,Hold,0.0,407.39070013737273
2024-07-03 00:00:00.000,0.0009591149279753263,Hold,0.0,407.39070013737273
2024-07-03 08:00:00.001,0.0,Hold,0.0,407.39070013737273
2024-07-03 16:00:00.000,0.0068430993265999355,TRADE SPOT_GT_MARK,-1.7420746921861796,405.0375393949805
2024-07-04 16:00:00.000,0.003913757047258116,Hold,0.0,405.0375393949805
2024-07-05 00:00:00.000,0.00641888706408379,TRADE SPOT_GT_MARK,-3.336235748413859,401.0937473374742
2024-07-06 00:00:00.000,-0.0004006209266251723,Hold,0.0,401.0937473374742
2024-07-06 08:00:00.003,0.0,Hold,0.0,401.0937473374742
2024-07-06 16:00:00.000,0.009572945875225697,TRADE SPOT_GT_MARK,-2.0746055125833056,398.4175012038847
2024-07-07 16:00:00.000,0.005707083085326144,TRADE SPOT_GT_MARK,-2.216300876621663,395.6035740754572
2024-07-08 16:00:00.000,0.0015282446518669183,Hold,0.0,395.6035740754572
2024-07-09 00:00:00.000,-0.002879098099363073,Hold,0.0,395.6035740754572
2024-07-09 08:00:00.000,0.009187451857606537,TRADE SPOT_GT_MARK,-5.685196512562322,389.3249722017817
2024-07-10 08:00:00.000,-0.0035398931956066785,Hold,0.0,389.3249722017817
2024-07-10 16:00:00.000,0.00061892541795698,Hold,0.0,389.3249722017817
2024-07-11 00:00:00.000,-0.0015747315677952251,Hold,0.0,389.3249722017817
2024-07-11 08:00:00.000,-2.252442395513664e-05,Hold,0.0,389.3249722017817
2024-07-11 16:00:00.000,0.004749063337730643,Hold,0.0,389.3249722017817
2024-07-12 00:00:00.000,-0.00226310818846412,Hold,0.0,389.3249722017817
2024-07-12 08:00:00.000,0.0040301435618708996,Hold,0.0,389.3249722017817
2024-07-12 16:00:00.000,-0.0014606990397310383,Hold,0.0,389.3249722017817
2024-07-13 00:00:00.000,-0.0006573808026131457,Hold,0.0,389.3249722017817
2024-07-13 08:00:00.000,-0.003598954574233246,Hold,0.0,389.3249722017817
2024-07-13 16:00:00.000,-0.003488979536348136,Hold,0.0,389.3249722017817
2024-07-14 00:00:00.000,0.009247750652299479,TRADE SPOT_GT_MARK,-1.2953468628851181,387.4456378805939
2024-07-15 00:00:00.000,0.007090761478265962,TRADE SPOT_GT_MARK,-4.131346210794183,382.73312321297885
2024-07-16 00:00:00.000,-0.0021538358908267823,Hold,0.0,382.73312321297885
2024-07-16 08:00:00.000,-0.0017339834166047623,Hold,0.0,382.73312321297885
2024-07-16 16:00:00.000,-0.005722480620155016,TRADE MARK_GT_SPOT,0.18850090207928352,382.34752443023865
2024-07-17 16:00:00.000,-0.007592975511970382,TRADE MARK_GT_SPOT,-5.628871502604201,376.14513164098906
2024-07-18 16:00:00.000,0.005891263060997773,TRADE SPOT_GT_MARK,0.813634930545529,376.3945488740731
2024-07-19 16:00:00.000,0.008955662522246687,TRADE SPOT_GT_MARK,-4.0832318257475695,371.7467252250144
2024-07-20 16:00:00.000,-0.0004504159948721809,Hold,0.0,371.7467252250144
2024-07-21 00:00:00.000,-0.00129842206232011,Hold,0.0,371.7467252250144
2024-07-21 08:00:00.000,0.0011529131755024704,Hold,0.0,371.7467252250144
2024-07-21 16:00:00.000,0.0054267055820529375,TRADE SPOT_GT_MARK,-2.459971234728476,368.72913390244844
2024-07-22 16:00:00.001,0.0,Hold,0.0,368.72913390244844
2024-07-23 00:00:00.000,-0.0007777556992509254,Hold,0.0,368.72913390244844
2024-07-23 08:00:00.000,0.004899234541322765,Hold,0.0,368.72913390244844
2024-07-23 16:00:00.000,-0.010993502838455816,TRADE MARK_GT_SPOT,-5.708667394059816,362.46737280753496
2024-07-24 16:00:00.000,0.0034212400936831817,Hold,0.0,362.46737280753496
2024-07-25 00:00:00.000,0.0024467356353068347,Hold,0.0,362.46737280753496
2024-07-25 08:00:00.000,0.003945642101932845,Hold,0.0,362.46737280753496
2024-07-25 16:00:00.000,0.0018232891821853298,Hold,0.0,362.46737280753496
2024-07-26 00:00:00.000,0.00926644690211501,TRADE SPOT_GT_MARK,-3.9712138588765096,357.95245788944715
2024-07-27 00:00:00.000,-0.0003245802740942484,Hold,0.0,357.95245788944715
2024-07-27 08:00:00.000,-0.0007942811755361397,Hold,0.0,357.95245788944715
2024-07-27 16:00:00.000,-0.0025464552753981756,Hold,0.0,357.95245788944715
2024-07-28 00:00:00.000,0.0013689866710320817,Hold,0.0,357.95245788944715
2024-07-28 08:00:00.000,-0.0018803799346986804,Hold,0.0,357.95245788944715
2024-07-28 16:00:00.001,0.0,Hold,0.0,357.95245788944715
2024-07-29 00:00:00.000,0.006950004957213101,TRADE SPOT_GT_MARK,-3.634172799426444,353.7813564031865
2024-07-30 00:00:00.000,-0.002052920807686634,Hold,0.0,353.7813564031865
2024-07-30 08:00:00.000,-0.002119001659527776,Hold,0.0,353.7813564031865
2024-07-30 16:00:00.000,-0.00013850262125991188,Hold,0.0,353.7813564031865
2024-07-31 00:00:00.001,0.0,Hold,0.0,353.7813564031865
2024-07-31 08:00:00.000,0.0021128902592456567,Hold,0.0,353.7813564031865
2024-07-31 16:00:00.000,0.0004806967843041828,Hold,0.0,353.7813564031865
2024-08-01 00:00:00.001,0.0,Hold,0.0,353.7813564031865
2024-08-01 08:00:00.001,0.0,Hold,0.0,353.7813564031865
2024-08-01 16:00:00.000,0.0012605709925606109,Hold,0.0,353.7813564031865
2024-08-02 00:00:00.000,-0.006087402689513189,TRADE MARK_GT_SPOT,-2.5340187287942606,350.7166656397875
2024-08-03 00:00:00.001,0.0,Hold,0.0,350.7166656397875
2024-08-03 08:00:00.000,0.0006062550532470224,Hold,0.0,350.7166656397875
2024-08-03 16:00:00.001,0.0,Hold,0.0,350.7166656397875
2024-08-04 00:00:00.000,0.0014634467545722662,Hold,0.0,350.7166656397875
2024-08-04 08:00:00.000,0.00428313785046619,Hold,0.0,350.7166656397875
2024-08-04 16:00:00.000,-0.0059695997027132035,TRADE MARK_GT_SPOT,-0.964160120021011,349.2264305213068
2024-08-05 16:00:00.000,-0.005124905971249384,TRADE MARK_GT_SPOT,-2.3025103472151924,346.4000805283096
2024-08-06 16:00:00.001,0.0,Hold,0.0,346.4000805283096
2024-08-07 00:00:00.000,0.004298054788529343,Hold,0.0,346.4000805283096
2024-08-07 08:00:00.000,0.007271002647520387,TRADE SPOT_GT_MARK,-2.6600898861718214,343.22039052134534
2024-08-08 08:00:00.000,0.0008946356805870538,Hold,0.0,343.22039052134534
2024-08-08 16:00:00.000,0.0023698097635731887,Hold,0.0,343.22039052134534
2024-08-09 00:00:00.000,-0.0075301389943476585,TRADE MARK_GT_SPOT,-1.3717044699880712,341.33385546557525
2024-08-10 00:00:00.000,-0.004918575426745614,Hold,0.0,341.33385546557525
2024-08-10 08:00:00.000,-0.0018218546958700607,Hold,0.0,341.33385546557525
2024-08-10 16:00:00.000,0.002571742825714199,Hold,0.0,341.33385546557525
2024-08-11 00:00:00.000,0.0028627897911700224,Hold,0.0,341.33385546557525
2024-08-11 08:00:00.000,0.0003294040024537088,Hold,0.0,341.33385546557525
2024-08-11 16:00:00.000,0.0011318183469530667,Hold,0.0,341.33385546557525
2024-08-12 00:00:00.001,0.0,Hold,0.0,341.33385546557525
2024-08-12 08:00:00.000,-0.005896521846041614,TRADE MARK_GT_SPOT,-1.7833180123912127,339.0385366699857
2024-08-13 08:00:00.000,-0.001949577647911114,Hold,0.0,339.0385366699857
2024-08-13 16:00:00.000,0.027529838076843664,TRADE SPOT_GT_MARK,-11.457945681377838,327.0720331836029
2024-08-14 16:00:00.000,-0.004914598680003846,Hold,0.0,327.0720331836029
2024-08-15 00:00:00.000,0.005681765210320493,TRADE SPOT_GT_MARK,-2.4046016712406426,324.17682346258687
2024-08-16 00:00:00.001,0.0,Hold,0.0,324.17682346258687
2024-08-16 08:00:00.000,-0.0014211755392391915,Hold,0.0,324.17682346258687
2024-08-16 16:00:00.000,0.008613798750511869,TRADE SPOT_GT_MARK,-1.9086552699134187,321.7819029574796
2024-08-17 16:00:00.000,0.004099976346290334,Hold,0.0,321.7819029574796
2024-08-18 00:00:00.000,0.0033832222390716145,Hold,0.0,321.7819029574796
2024-08-18 08:00:00.000,0.002569590135132073,Hold,0.0,321.7819029574796
2024-08-18 16:00:00.001,0.0,Hold,0.0,321.7819029574796
2024-08-19 00:00:00.000,-0.0008635905109568388,Hold,0.0,321.7819029574796
2024-08-19 08:00:00.001,0.0,Hold,0.0,321.7819029574796
2024-08-19 16:00:00.000,0.003103431183087025,Hold,0.0,321.7819029574796
2024-08-20 00:00:00.000,0.01736196465208778,TRADE SPOT_GT_MARK,-6.084026122359114,315.2152039806843
2024-08-21 00:00:00.000,6.780925257276021e-06,Hold,0.0,315.2152039806843
2024-08-21 08:00:00.000,-0.0043234695422505595,Hold,0.0,315.2152039806843
2024-08-21 16:00:00.000,0.00655049178783939,TRADE SPOT_GT_MARK,-2.833394630621265,311.908986544092
2024-08-22 16:00:00.000,-0.0011220617548239277,Hold,0.0,311.908986544092
2024-08-23 00:00:00.000,0.005950647957980557,TRADE SPOT_GT_MARK,-2.910236039789514,308.53088702448633
2024-08-24 00:00:00.000,-0.0016606792368817937,Hold,0.0,308.53088702448633
2024-08-24 08:00:00.005,0.0,Hold,0.0,308.53088702448633
2024-08-24 16:00:00.000,0.005018914895033372,TRADE SPOT_GT_MARK,-2.4084131630780594,305.65967753087153
2024-08-25 16:00:00.000,-0.0015454186368833464,Hold,0.0,305.65967753087153
2024-08-26 00:00:00.000,-0.0020329638676726282,Hold,0.0,305.65967753087153
2024-08-26 08:00:00.000,0.0020645665419373313,Hold,0.0,305.65967753087153
2024-08-26 16:00:00.000,0.0029660601269916567,Hold,0.0,305.65967753087153
2024-08-27 00:00:00.000,-0.0015435757345109685,Hold,0.0,305.65967753087153
2024-08-27 08:00:00.000,-0.0011593071412492005,Hold,0.0,305.65967753087153
2024-08-27 16:00:00.000,-0.0019441157684552967,Hold,0.0,305.65967753087153
2024-08-28 00:00:00.000,-0.005059869500112872,TRADE MARK_GT_SPOT,-3.002711631134767,302.19847638344044
2024-08-29 00:00:00.000,0.0032113391535935677,Hold,0.0,302.19847638344044
2024-08-29 08:00:00.000,-0.0001852163748738931,Hold,0.0,302.19847638344044
2024-08-29 16:00:00.000,-0.007831403303259014,TRADE MARK_GT_SPOT,-5.271706390177882,296.4734722786874
2024-08-30 16:00:00.000,0.008524347360793,TRADE SPOT_GT_MARK,-2.9469593793173776,293.081802690952
2024-08-31 16:00:00.011,0.0,Hold,0.0,293.081802690952
2024-09-01 00:00:00.000,-0.00017581387103340491,Hold,0.0,293.081802690952
2024-09-01 08:00:00.001,0.0,Hold,0.0,293.081802690952
2024-09-01 16:00:00.004,0.0,Hold,0.0,293.081802690952
2024-09-02 00:00:00.004,0.0,Hold,0.0,293.081802690952
2024-09-02 08:00:00.005,0.0,Hold,0.0,293.081802690952
2024-09-02 16:00:00.001,0.0,Hold,0.0,293.081802690952
2024-09-03 00:00:00.002,0.0,Hold,0.0,293.081802690952
2024-09-03 08:00:00.001,0.0,Hold,0.0,293.081802690952
2024-09-03 16:00:00.000,0.00010699572277672957,Hold,0.0,293.081802690952
2024-09-04 00:00:00.000,-0.005455784769063861,TRADE MARK_GT_SPOT,-2.0485896166310917,290.59359037028446
2024-09-05 00:00:00.001,0.0,Hold,0.0,290.59359037028446
2024-09-05 08:00:00.000,-0.0021493218835519847,Hold,0.0,290.59359037028446
2024-09-05 16:00:00.000,0.007025827638235607,TRADE SPOT_GT_MARK,-1.9830344949602392,288.1746654897688
2024-09-06 16:00:00.000,0.0015739062906387374,Hold,0.0,288.1746654897688
2024-09-07 00:00:00.000,-8.569050450717786e-05,Hold,0.0,288.1746654897688
2024-09-07 08:00:00.000,0.0020724466168446816,Hold,0.0,288.1746654897688
2024-09-07 16:00:00.000,-0.005229882240966211,TRADE MARK_GT_SPOT,-3.2576066585247414,284.4847968330094
2024-09-08 16:00:00.000,0.004698446477816106,Hold,0.0,284.4847968330094
2024-09-09 00:00:00.000,0.0035916068671086763,Hold,0.0,284.4847968330094
2024-09-09 08:00:00.000,0.005472141029795108,TRADE SPOT_GT_MARK,-2.754106437612535,281.30396320014734
2024-09-10 08:00:00.000,-0.0026471160003358994,Hold,0.0,281.30396320014734
2024-09-10 16:00:00.000,0.004313268310406979,Hold,0.0,281.30396320014734
2024-09-11 00:00:00.001,0.0,Hold,0.0,281.30396320014734
2024-09-11 08:00:00.000,-0.004990450232100416,Hold,0.0,281.30396320014734
2024-09-11 16:00:00.000,0.010982937545540245,TRADE SPOT_GT_MARK,-0.5649580080687315,280.31704924727836
2024-09-12 16:00:00.000,0.010184791476043023,TRADE SPOT_GT_MARK,-4.219988679540297,275.67658499386715
2024-09-13 16:00:00.000,-0.003289863758027296,Hold,0.0,275.67658499386715
2024-09-14 00:00:00.000,-0.0016660344057103003,Hold,0.0,275.67658499386715
2024-09-14 08:00:00.000,-0.0027997136758785516,Hold,0.0,275.67658499386715
2024-09-14 16:00:00.000,0.001942082948565027,Hold,0.0,275.67658499386715
2024-09-15 00:00:00.000,0.0007121919769699605,Hold,0.0,275.67658499386715
2024-09-15 08:00:00.000,-0.00176846314224465,Hold,0.0,275.67658499386715
2024-09-15 16:00:00.000,-0.006269385930453745,TRADE MARK_GT_SPOT,-1.895255721509515,273.36781439486685
2024-09-16 16:00:00.000,-0.0006055999202904912,Hold,0.0,273.36781439486685
2024-09-17 00:00:00.000,-0.009611138363501921,TRADE MARK_GT_SPOT,-2.7276542926409255,270.2301083806336
2024-09-18 00:00:00.000,-0.0008971501105577091,Hold,0.0,270.2301083806336
2024-09-18 08:00:00.000,-0.0034677202999100465,Hold,0.0,270.2301083806336
2024-09-18 16:00:00.005,0.0,Hold,0.0,270.2301083806336
2024-09-19 00:00:00.000,0.007699471194838168,TRADE SPOT_GT_MARK,-3.2086163453887426,266.61614687267394
2024-09-20 00:00:00.000,-0.0029240045636779676,Hold,0.0,266.61614687267394
2024-09-20 08:00:00.001,0.0,Hold,0.0,266.61614687267394
2024-09-20 16:00:00.002,0.0,Hold,0.0,266.61614687267394
2024-09-21 00:00:00.007,0.0,Hold,0.0,266.61614687267394
2024-09-21 08:00:00.000,-0.0005958793840832771,Hold,0.0,266.61614687267394
2024-09-21 16:00:00.000,0.0008705194468475954,Hold,0.0,266.61614687267394
2024-09-22 00:00:00.000,-0.001718620934406599,Hold,0.0,266.61614687267394
2024-09-22 08:00:00.000,0.0016064964335779175,Hold,0.0,266.61614687267394
2024-09-22 16:00:00.001,0.0,Hold,0.0,266.61614687267394
2024-09-23 00:00:00.001,0.0,Hold,0.0,266.61614687267394
2024-09-23 08:00:00.000,-0.0004875233193908653,Hold,0.0,266.61614687267394
2024-09-23 16:00:00.000,-0.005666042729791048,TRADE MARK_GT_SPOT,-2.4320368811547084,263.7841857712102
2024-09-24 16:00:00.000,0.0021272685665960087,Hold,0.0,263.7841857712102
2024-09-25 00:00:00.000,-0.0016961672732500495,Hold,0.0,263.7841857712102
2024-09-25 08:00:00.000,0.00016572496070923302,Hold,0.0,263.7841857712102
2024-09-25 16:00:00.000,5.798573928981794e-05,Hold,0.0,263.7841857712102
2024-09-26 00:00:00.000,-0.0025636047145799236,Hold,0.0,263.7841857712102
2024-09-26 08:00:00.001,0.0,Hold,0.0,263.7841857712102
2024-09-26 16:00:00.000,0.0018784346189048224,Hold,0.0,263.7841857712102
2024-09-27 00:00:00.000,0.0013500509947736372,Hold,0.0,263.7841857712102
2024-09-27 08:00:00.001,0.0,Hold,0.0,263.7841857712102
2024-09-27 16:00:00.000,0.004421406189279763,Hold,0.0,263.7841857712102
2024-09-28 00:00:00.000,0.0021565337905980917,Hold,0.0,263.7841857712102
2024-09-28 08:00:00.000,-0.002804620545006751,Hold,0.0,263.7841857712102
2024-09-28 16:00:00.000,-0.0014118688564625434,Hold,0.0,263.7841857712102
2024-09-29 00:00:00.000,-0.002482892919005222,Hold,0.0,263.7841857712102
2024-09-29 08:00:00.000,0.0015250440888342584,Hold,0.0,263.7841857712102
2024-09-29 16:00:00.000,0.00042864752203265483,Hold,0.0,263.7841857712102
2024-09-30 00:00:00.000,-0.0018857735987114165,Hold,0.0,263.7841857712102
2024-09-30 08:00:00.001,0.0,Hold,0.0,263.7841857712102
2024-09-30 16:00:00.000,-0.0006256400918738595,Hold,0.0,263.7841857712102
2024-10-01 00:00:00.000,0.003803527413197656,Hold,0.0,263.7841857712102
2024-10-01 08:00:00.000,-0.0009287635249234076,Hold,0.0,263.7841857712102
2024-10-01 16:00:00.000,-0.0023800047654047624,Hold,0.0,263.7841857712102
2024-10-02 00:00:00.000,0.004433686846663554,Hold,0.0,263.7841857712102
2024-10-02 08:00:00.000,0.0017588904380010798,Hold,0.0,263.7841857712102
2024-10-02 16:00:00.000,-0.0009517223315533762,Hold,0.0,263.7841857712102
2024-10-03 00:00:00.000,0.006099723535822894,TRADE SPOT_GT_MARK,-2.901241660384907,260.48726783216847
2024-10-04 00:00:00.000,-0.0036198633364962177,Hold,0.0,260.48726783216847
2024-10-04 08:00:00.000,0.0008055635958043103,Hold,0.0,260.48726783216847
2024-10-04 16:00:00.000,0.006697404748248856,TRADE SPOT_GT_MARK,-2.8559865745071873,257.240550355913
2024-10-05 16:00:00.000,-0.0029538133361760857,Hold,0.0,257.240550355913
2024-10-06 00:00:00.001,0.0,Hold,0.0,257.240550355913
2024-10-06 08:00:00.000,0.0010967585343461617,Hold,0.0,257.240550355913
2024-10-06 16:00:00.000,-0.0014937676912878488,Hold,0.0,257.240550355913
2024-10-07 00:00:00.001,0.0,Hold,0.0,257.240550355913
2024-10-07 08:00:00.001,0.0,Hold,0.0,257.240550355913
2024-10-07 16:00:00.001,0.0,Hold,0.0,257.240550355913
2024-10-08 00:00:00.000,0.005814454295223103,TRADE SPOT_GT_MARK,-1.5842425716833555,255.27044695869577
2024-10-09 00:00:00.000,0.0008644295853846314,Hold,0.0,255.27044695869577
2024-10-09 08:00:00.000,-0.0010508448995728713,Hold,0.0,255.27044695869577
2024-10-09 16:00:00.000,-0.006988545153436865,TRADE MARK_GT_SPOT,-0.42350268228898846,254.46403860596874
2024-10-10 16:00:00.000,-0.006649052404950595,TRADE MARK_GT_SPOT,-2.197950936246746,251.88439161181304
2024-10-11 16:00:00.000,0.0005044340735804781,Hold,0.0,251.88439161181304
2024-10-12 00:00:00.000,0.005503989390992969,TRADE SPOT_GT_MARK,-1.6284268624653238,249.87813816193
2024-10-13 00:00:00.000,0.00029482405745325906,Hold,0.0,249.87813816193
2024-10-13 08:00:00.000,0.00018452478658246096,Hold,0.0,249.87813816193
2024-10-13 16:00:00.000,0.0071388539832122535,TRADE SPOT_GT_MARK,-2.6374042286822657,246.86591672600483
2024-10-14 16:00:00.000,-0.0020384362888767205,Hold,0.0,246.86591672600483
2024-10-15 00:00:00.000,-0.002112998955407056,Hold,0.0,246.86591672600483
2024-10-15 08:00:00.000,0.0019184022283054083,Hold,0.0,246.86591672600483
2024-10-15 16:00:00.000,0.01327387308167397,TRADE SPOT_GT_MARK,-3.188891003436968,243.30672684747884
2024-10-16 16:00:00.000,0.0016141807280858965,Hold,0.0,243.30672684747884
2024-10-17 00:00:00.000,0.0019262026548816536,Hold,0.0,243.30672684747884
2024-10-17 08:00:00.000,0.003222325050407621,Hold,0.0,243.30672684747884
2024-10-17 16:00:00.000,-0.0025255096059297916,Hold,0.0,243.30672684747884
2024-10-18 00:00:00.009,0.0,Hold,0.0,243.30672684747884
2024-10-18 08:00:00.001,0.0,Hold,0.0,243.30672684747884
2024-10-18 16:00:00.000,0.001214733479647871,Hold,0.0,243.30672684747884
2024-10-19 00:00:00.001,0.0,Hold,0.0,243.30672684747884
2024-10-19 08:00:00.001,0.0,Hold,0.0,243.30672684747884
2024-10-19 16:00:00.000,-0.0021738163041944993,Hold,0.0,243.30672684747884
2024-10-20 00:00:00.000,-0.0018284879477493705,Hold,0.0,243.30672684747884
2024-10-20 08:00:00.000,0.0005421442473024597,Hold,0.0,243.30672684747884
2024-10-20 16:00:00.000,-0.0013609132234257487,Hold,0.0,243.30672684747884
2024-10-21 00:00:00.000,0.0019158473105841526,Hold,0.0,243.30672684747884
2024-10-21 08:00:00.000,-0.0026164230728010886,Hold,0.0,243.30672684747884
2024-10-21 16:00:00.000,0.0003577019093380188,Hold,0.0,243.30672684747884
2024-10-22 00:00:00.000,-0.0027422012252321265,Hold,0.0,243.30672684747884
2024-10-22 08:00:00.000,-0.005825583294127983,TRADE MARK_GT_SPOT,-1.6985476966994273,241.2432190605082
2024-10-23 08:00:00.001,0.0,Hold,0.0,241.2432190605082
2024-10-23 16:00:00.000,-0.004198108315489638,Hold,0.0,241.2432190605082
2024-10-24 00:00:00.000,0.01219020462240403,TRADE SPOT_GT_MARK,-3.235120386861611,237.64623384505583
2024-10-25 00:00:00.001,0.0,Hold,0.0,237.64623384505583
2024-10-25 08:00:00.000,0.0027801384896207547,Hold,0.0,237.64623384505583
2024-10-25 16:00:00.000,0.0002455584301757573,Hold,0.0,237.64623384505583
2024-10-26 00:00:00.000,0.00220121074082945,Hold,0.0,237.64623384505583
2024-10-26 08:00:00.000,0.0028248871042001814,Hold,0.0,237.64623384505583
2024-10-26 16:00:00.000,0.0025866597274798245,Hold,0.0,237.64623384505583
2024-10-27 00:00:00.000,-0.00040149364775114764,Hold,0.0,237.64623384505583
2024-10-27 08:00:00.000,0.001207401617528996,Hold,0.0,237.64623384505583
2024-10-27 16:00:00.000,0.0014741789634075137,Hold,0.0,237.64623384505583
2024-10-28 00:00:00.000,-0.0015604205782176754,Hold,0.0,237.64623384505583
2024-10-28 08:00:00.000,-0.0005374936204776005,Hold,0.0,237.64623384505583
2024-10-28 16:00:00.000,0.0040710565261427994,Hold,0.0,237.64623384505583
2024-10-29 00:00:00.000,0.0003599154270216093,Hold,0.0,237.64623384505583
2024-10-29 08:00:00.000,0.00237734383313974,Hold,0.0,237.64623384505583
2024-10-29 16:00:00.000,0.004808637414035641,Hold,0.0,237.64623384505583
2024-10-30 00:00:00.000,-0.006223683251304764,TRADE MARK_GT_SPOT,-1.7534988810117194,235.53626561327653
2024-10-31 00:00:00.006,0.0,Hold,0.0,235.53626561327653
2024-10-31 08:00:00.006,0.0,Hold,0.0,235.53626561327653
2024-10-31 16:00:00.000,-0.0025217288062624136,Hold,0.0,235.53626561327653
2024-11-01 00:00:00.000,-0.0005411603612918859,Hold,0.0,235.53626561327653
2024-11-01 08:00:00.000,0.002650446924661538,Hold,0.0,235.53626561327653
2024-11-01 16:00:00.000,0.008248340656626382,TRADE SPOT_GT_MARK,-1.4329645429579434,233.74999667189869
2024-11-02 16:00:00.000,0.003373374228566498,Hold,0.0,233.74999667189869
2024-11-03 00:00:00.001,0.0,Hold,0.0,233.74999667189869
2024-11-03 08:00:00.000,0.0019963490075423744,Hold,0.0,233.74999667189869
2024-11-03 16:00:00.000,0.0016288587820079668,Hold,0.0,233.74999667189869
2024-11-04 00:00:00.000,-0.00023963191989756253,Hold,0.0,233.74999667189869
2024-11-04 08:00:00.000,0.002499127001328564,Hold,0.0,233.74999667189869
2024-11-04 16:00:00.000,-0.012287514632357372,TRADE MARK_GT_SPOT,-5.264063945988051,228.13530773090278
2024-11-05 16:00:00.000,0.00880556439638833,TRADE SPOT_GT_MARK,-2.382141848509024,225.4109629207974
2024-11-06 16:00:00.000,-0.00019250378918167808,Hold,0.0,225.4109629207974
2024-11-07 00:00:00.000,-0.00362738337349298,Hold,0.0,225.4109629207974
2024-11-07 08:00:00.000,0.004203870848835668,Hold,0.0,225.4109629207974
2024-11-07 16:00:00.001,0.0,Hold,0.0,225.4109629207974
2024-11-08 00:00:00.001,0.0,Hold,0.0,225.4109629207974
2024-11-08 08:00:00.000,-0.006099003495158346,TRADE MARK_GT_SPOT,-1.5834528467003568,223.48939362971583
2024-11-09 08:00:00.000,-0.0002862555900515396,Hold,0.0,223.48939362971583
2024-11-09 16:00:00.000,-0.003114951297577426,Hold,0.0,223.48939362971583
2024-11-10 00:00:00.000,0.002234316788367178,Hold,0.0,223.48939362971583
2024-11-10 08:00:00.000,0.00314179555365157,Hold,0.0,223.48939362971583
2024-11-10 16:00:00.000,-0.00019567290860320982,Hold,0.0,223.48939362971583
2024-11-11 00:00:00.000,0.0016151636156818546,Hold,0.0,223.48939362971583
2024-11-11 08:00:00.000,0.0004299630980138981,Hold,0.0,223.48939362971583
2024-11-11 16:00:00.000,4.87095024941363e-05,Hold,0.0,223.48939362971583
2024-11-12 00:00:00.002,0.0,Hold,0.0,223.48939362971583
2024-11-12 08:00:00.000,0.0011263652666481279,Hold,0.0,223.48939362971583
2024-11-12 16:00:00.000,0.003988380599816324,Hold,0.0,223.48939362971583
2024-11-13 00:00:00.000,0.0002360840124943977,Hold,0.0,223.48939362971583
2024-11-13 08:00:00.002,0.0,Hold,0.0,223.48939362971583
2024-11-13 16:00:00.000,-0.005668105331252108,TRADE MARK_GT_SPOT,-4.435281277123582,218.71887826214768
2024-11-14 16:00:00.000,0.013600322617771526,TRADE SPOT_GT_MARK,-0.9575934548608266,217.43320648989365
2024-11-15 16:00:00.000,0.010400663890156635,TRADE SPOT_GT_MARK,-2.37600589500476,214.73105078515405
2024-11-16 16:00:00.000,0.0006869901719020468,Hold,0.0,214.73105078515405
2024-11-17 00:00:00.000,0.0022851658568628004,Hold,0.0,214.73105078515405
2024-11-17 08:00:00.000,0.004303011778520625,Hold,0.0,214.73105078515405
2024-11-17 16:00:00.000,0.0014917036423130635,Hold,0.0,214.73105078515405
2024-11-18 00:00:00.001,0.0,Hold,0.0,214.73105078515405
2024-11-18 08:00:00.000,0.00012764874767735035,Hold,0.0,214.73105078515405
2024-11-18 16:00:00.001,0.0,Hold,0.0,214.73105078515405
2024-11-19 00:00:00.000,0.005110637380449219,TRADE SPOT_GT_MARK,-2.2035308870931836,212.20542332188313
2024-11-20 00:00:00.000,-0.0042122247043511855,Hold,0.0,212.20542332188313
2024-11-20 08:00:00.002,0.0,Hold,0.0,212.20542332188313
2024-11-20 16:00:00.000,-0.008618398816561802,TRADE MARK_GT_SPOT,-3.03535692000898,208.85175826689132
2024-11-21 16:00:00.000,0.004417121894853481,Hold,0.0,208.85175826689132
2024-11-22 00:00:00.000,-0.004771319464295306,Hold,0.0,208.85175826689132
2024-11-22 08:00:00.005,0.0,Hold,0.0,208.85175826689132
2024-11-22 16:00:00.000,0.0006503798602745646,Hold,0.0,208.85175826689132
2024-11-23 00:00:00.000,-0.0036616175069491465,Hold,0.0,208.85175826689132
2024-11-23 08:00:00.000,-0.002567162034120596,Hold,0.0,208.85175826689132
2024-11-23 16:00:00.000,-0.009167854515634836,TRADE MARK_GT_SPOT,-2.8918795771060473,205.64660105238494
2024-11-24 16:00:00.000,0.003763013745072876,Hold,0.0,205.64660105238494
2024-11-25 00:00:00.000,-0.003608684421560445,Hold,0.0,205.64660105238494
2024-11-25 08:00:00.000,0.00012266403706786874,Hold,0.0,205.64660105238494
2024-11-25 16:00:00.000,-0.0015967661660689033,Hold,0.0,205.64660105238494
2024-11-26 00:00:00.000,0.008565963138011359,TRADE SPOT_GT_MARK,-2.03791948645091,203.30021166435546
2024-11-27 00:00:00.000,-0.0006061647994389112,Hold,0.0,203.30021166435546
2024-11-27 08:00:00.000,-0.002225011856062736,Hold,0.0,203.30021166435546
2024-11-27 16:00:00.000,-3.250105889704555e-05,Hold,0.0,203.30021166435546
2024-11-28 00:00:00.000,0.006063157048724195,TRADE SPOT_GT_MARK,-1.9655201774690612,201.02974116938987
2024-11-29 00:00:00.000,-0.0024996925696833157,Hold,0.0,201.02974116938987
2024-11-29 08:00:00.000,0.0030585886702009803,Hold,0.0,201.02974116938987
2024-11-29 16:00:00.000,-0.003986602984925624,Hold,0.0,201.02974116938987
2024-11-30 00:00:00.000,-0.006057534519820205,TRADE MARK_GT_SPOT,-1.0711368006703716,199.65705975696542
2024-12-01 00:00:00.000,-0.001810103457213173,Hold,0.0,199.65705975696542
2024-12-01 08:00:00.000,0.00481985058106801,Hold,0.0,199.65705975696542
2024-12-01 16:00:00.001,0.0,Hold,0.0,199.65705975696542
2024-12-02 00:00:00.000,0.0011356084844783326,Hold,0.0,199.65705975696542
2024-12-02 08:00:00.000,-0.011022174270406838,TRADE MARK_GT_SPOT,-2.2158808304604634,197.1416933368695
2024-12-03 08:00:00.000,-0.0008772297127544062,Hold,0.0,197.1416933368695
2024-12-03 16:00:00.000,-0.00671313819497014,TRADE MARK_GT_SPOT,0.64719900750102,197.49317980436524
2024-12-04 16:00:00.000,-0.011055500385301427,TRADE MARK_GT_SPOT,-1.4191668809336608,195.77777315372504
2024-12-05 16:00:00.000,-0.003933093758941599,Hold,0.0,195.77777315372504
2024-12-06 00:00:00.000,0.004998255156660562,Hold,0.0,195.77777315372504
2024-12-06 08:00:00.000,0.0008760556851781374,Hold,0.0,195.77777315372504
2024-12-06 16:00:00.000,-0.004490775346003412,Hold,0.0,195.77777315372504
2024-12-07 00:00:00.000,0.003868577083475129,Hold,0.0,195.77777315372504
2024-12-07 08:00:00.000,-0.0014488794219289787,Hold,0.0,195.77777315372504
2024-12-07 16:00:00.000,-0.002674521459009499,Hold,0.0,195.77777315372504
2024-12-08 00:00:00.000,0.00010282223016615027,Hold,0.0,195.77777315372504
2024-12-08 08:00:00.000,-0.00798636007412007,TRADE MARK_GT_SPOT,-0.30961697298442076,195.17448952101003
2024-12-09 08:00:00.000,-0.007602818198372942,TRADE MARK_GT_SPOT,-2.050437431358762,192.83129035536973
2024-12-10 08:00:00.000,0.0018351766562900718,Hold,0.0,192.83129035536973
2024-12-10 16:00:00.000,0.006292699156466042,TRADE SPOT_GT_MARK,-1.4575623459724323,191.08448107386425
2024-12-11 16:00:00.001,0.0,Hold,0.0,191.08448107386425
2024-12-12 00:00:00.001,0.0,Hold,0.0,191.08448107386425
2024-12-12 08:00:00.000,0.004438903409387961,Hold,0.0,191.08448107386425
2024-12-12 16:00:00.000,-0.0036664781240830454,Hold,0.0,191.08448107386425
2024-12-13 00:00:00.000,0.00039291385638016383,Hold,0.0,191.08448107386425
2024-12-13 08:00:00.000,0.0014157776471996472,Hold,0.0,191.08448107386425
2024-12-13 16:00:00.000,0.010794724213003084,TRADE SPOT_GT_MARK,-2.2604969924880756,188.5373573597654
2024-12-14 16:00:00.000,0.0001766833814129068,Hold,0.0,188.5373573597654
2024-12-15 00:00:00.000,0.0005778647630842733,Hold,0.0,188.5373573597654
2024-12-15 08:00:00.000,0.0030335370177860905,Hold,0.0,188.5373573597654
2024-12-15 16:00:00.000,0.00423992539088667,Hold,0.0,188.5373573597654
2024-12-16 00:00:00.000,0.009168753829936772,TRADE SPOT_GT_MARK,-2.417226747116422,185.83732457660932
2024-12-17 00:00:00.000,-0.002432259494574348,Hold,0.0,185.83732457660932
2024-12-17 08:00:00.001,0.0,Hold,0.0,185.83732457660932
2024-12-17 16:00:00.000,0.005110692997161241,TRADE SPOT_GT_MARK,-1.5417312244328865,184.01683736531152
2024-12-18 16:00:00.000,-0.0020785104590592724,Hold,0.0,184.01683736531152
2024-12-19 00:00:00.001,0.0,Hold,0.0,184.01683736531152
2024-12-19 08:00:00.000,-0.00014183131215549137,Hold,0.0,184.01683736531152
2024-12-19 16:00:00.000,0.0005927541023647323,Hold,0.0,184.01683736531152
2024-12-20 00:00:00.000,-0.0012960085355803856,Hold,0.0,184.01683736531152
2024-12-20 08:00:00.000,-0.023277997307950778,TRADE MARK_GT_SPOT,-3.8562628692811116,179.88454923998242
2024-12-21 08:00:00.000,-0.0029869949022807226,Hold,0.0,179.88454923998242
2024-12-21 16:00:00.001,0.0,Hold,0.0,179.88454923998242
2024-12-22 00:00:00.000,0.00044738975174130616,Hold,0.0,179.88454923998242
2024-12-22 08:00:00.000,0.004500981514380869,Hold,0.0,179.88454923998242
2024-12-22 16:00:00.000,0.0046982142523190685,Hold,0.0,179.88454923998242
2024-12-23 00:00:00.000,-0.0074128917920425405,TRADE MARK_GT_SPOT,-1.1392853509991618,178.4754370651233
2024-12-24 00:00:00.000,-0.002232957458269194,Hold,0.0,178.4754370651233
2024-12-24 08:00:00.000,0.004483685243477035,Hold,0.0,178.4754370651233
2024-12-24 16:00:00.000,0.0027364913345414594,Hold,0.0,178.4754370651233
2024-12-25 00:00:00.003,0.0,Hold,0.0,178.4754370651233
2024-12-25 08:00:00.000,0.0008331828451415467,Hold,0.0,178.4754370651233
2024-12-25 16:00:00.000,-1.9842948337388518e-05,Hold,0.0,178.4754370651233
2024-12-26 00:00:00.000,-0.0034254891300154423,Hold,0.0,178.4754370651233
2024-12-26 08:00:00.001,0.0,Hold,0.0,178.4754370651233
2024-12-26 16:00:00.000,0.006127986405229962,TRADE SPOT_GT_MARK,-1.7990431441571042,176.4086807653685
2024-12-27 16:00:00.000,-0.002854323517467878,Hold,0.0,176.4086807653685
2024-12-28 00:00:00.000,0.002674034469100486,Hold,0.0,176.4086807653685
2024-12-28 08:00:00.000,0.0032851753132486887,Hold,0.0,176.4086807653685
2024-12-28 16:00:00.001,0.0,Hold,0.0,176.4086807653685
2024-12-29 00:00:00.000,0.0002114639053127375,Hold,0.0,176.4086807653685
2024-12-29 08:00:00.000,0.00024184112625165588,Hold,0.0,176.4086807653685
2024-12-29 16:00:00.000,-0.004403513908039044,Hold,0.0,176.4086807653685
2024-12-30 00:00:00.000,0.0007272613811171511,Hold,0.0,176.4086807653685
2024-12-30 08:00:00.000,0.0030798930984407154,Hold,0.0,176.4086807653685
2024-12-30 16:00:00.000,0.002039741498752751,Hold,0.0,176.4086807653685
