Time,Spot Price,Perp Price,Funding Rate,Basis %,Position,Hold Period,Action,PnL,Cash Balance
2024-01-01 00:00:00,42475.23,42294.07553389,0.00037711,0.004264943735678539,Cash,0,,0.0,1000.0
2024-01-01 08:00:00,42549.99,42506.41370846,0.00020162,0.0010241199008506777,Cash,0,,0.0,1000.0
2024-01-01 16:00:00,42725.15,42817.70976995,0.0002801,-0.002166400116793024,Cash,0,,0.0,1000.0
2024-01-02 00:00:00,45056.0,44240.13570534,0.00059009,0.018107783528497897,spot_gt_mark,0,ENTER SPOT_GT_MARK,0.0,998.5
2024-01-02 08:00:00,45759.3,45545.7,0.00036388,0.004667903573699899,spot_gt_mark,1,,0.3572909397296502,998.5
2024-01-02 16:00:00,45357.84,45239.35280585,0.00033397,0.0026122759406090558,spot_gt_mark,2,,0.3279225435349875,998.5
2024-01-03 00:00:00,45135.61,44992.9,0.0001,0.003161805058134788,Cash,0,EXIT after 3 steps,-16.3424774411725,982.1575225588275
2024-01-03 08:00:00,45200.0,45058.60187812,0.00013201,0.0031282770327434426,Cash,0,,0.0,982.1575225588275
2024-01-03 16:00:00,42992.67,43005.5830913,0.0001,-0.0003003556489979444,Cash,0,,0.0,982.1575225588275
2024-01-04 00:00:00,42874.01,42850.0,0.0001,0.0005600129309108721,Cash,0,,0.0,982.1575225588275
2024-01-04 08:00:00,42849.66,42787.03963338,0.0001,0.0014613970477245731,Cash,0,,0.0,982.1575225588275
2024-01-04 16:00:00,43915.71,44081.35324125,0.0001,-0.0037718447737722983,Cash,0,,0.0,982.1575225588275
2024-01-05 00:00:00,44211.1,44177.41721402,-8.453e-05,0.000761862653948804,Cash,0,,0.0,982.1575225588275
2024-01-05 08:00:00,43911.44,43801.6,0.0001,0.002501398268879449,Cash,0,,0.0,982.1575225588275
2024-01-05 16:00:00,43225.99,43512.72731804,0.0001,-0.006633447100691105,Cash,0,,0.0,982.1575225588275
2024-01-06 00:00:00,44068.8,44162.7,-9.72e-05,-0.0021307591765601552,Cash,0,,0.0,982.1575225588275
2024-01-06 08:00:00,43692.33,43671.2,1.185e-05,0.00048360890801668523,Cash,0,,0.0,982.1575225588275
2024-01-06 16:00:00,43872.34,43878.65163981,1.285e-05,-0.0001438637604012646,Cash,0,,0.0,982.1575225588275
2024-01-07 00:00:00,44119.11,43980.4,-4.106e-05,0.003143989078655465,Cash,0,,0.0,982.1575225588275
2024-01-07 08:00:00,44017.99,44092.48502784,0.0001,-0.001692376863187057,Cash,0,,0.0,982.1575225588275
2024-01-07 16:00:00,43922.0,44066.54114564,0.0001,-0.0032908598342517048,Cash,0,,0.0,982.1575225588275
2024-01-08 00:00:00,43632.0,43930.7,2.01e-06,-0.006845892922625529,Cash,0,,0.0,982.1575225588275
2024-01-08 08:00:00,43868.53,43969.6,8.872e-05,-0.0023039294911409093,Cash,0,,0.0,982.1575225588275
2024-01-08 16:00:00,44940.3,44992.51294916,4.837e-05,-0.0011618291190757287,Cash,0,,0.0,982.1575225588275
2024-01-09 00:00:00,46668.88,46993.5,0.0001,-0.006955812952871435,Cash,0,,0.0,982.1575225588275
2024-01-09 08:00:00,46544.65,46854.79216651,0.0001,-0.006663325785240598,Cash,0,,0.0,982.1575225588275
2024-01-09 16:00:00,46902.88,46872.0,0.0001,0.0006583817454279435,Cash,0,,0.0,982.1575225588275
2024-01-10 00:00:00,45856.42,46128.36219372,0.0001,-0.005930297082066203,Cash,0,,0.0,982.1575225588275
2024-01-10 08:00:00,45329.94,45779.29359803,0.0001,-0.009912953734992817,Cash,0,,0.0,982.1575225588275
2024-01-10 16:00:00,45311.1,45560.26980578,0.0001,-0.00549908975460764,Cash,0,,0.0,982.1575225588275
2024-01-11 00:00:00,46670.01,46671.0286775,0.0001,-2.182723980553157e-05,Cash,0,,0.0,982.1575225588275
2024-01-11 08:00:00,46277.0,46118.51901603,0.0001,0.0034246166339650984,Cash,0,,0.0,982.1575225588275
2024-01-11 16:00:00,46007.29,46789.02822718,0.0001,-0.016991616484691916,mark_gt_spot,0,ENTER MARK_GT_SPOT,0.0,980.6842862749893
2024-01-12 08:00:00,45860.01,46018.6,0.0001,-0.0034581326955662787,mark_gt_spot,1,,0.09657479045439224,980.6842862749893
2024-01-12 16:00:00,43624.0,44452.66558974,0.0001,-0.018995635194846823,mark_gt_spot,2,,0.09657479045439224,980.6842862749893
2024-01-13 00:00:00,42801.76,42766.03178727,0.0001,0.0008347369998336196,Cash,0,EXIT after 3 steps,-18.41014855902605,962.2741377159632
2024-01-13 08:00:00,43170.01,43092.6,0.0001,0.0017931429712433119,Cash,0,,0.0,962.2741377159632
2024-01-13 16:00:00,42895.41,43137.19720862,0.0001,-0.00563666855311543,Cash,0,,0.0,962.2741377159632
2024-01-14 00:00:00,42687.36,42826.4,4.024e-05,-0.003257170272417898,Cash,0,,0.0,962.2741377159632
2024-01-14 08:00:00,42996.25,42991.75213478,0.0001,0.00010461063976511152,Cash,0,,0.0,962.2741377159632
2024-01-14 16:00:00,42929.95,42886.39099371,0.0001,0.0010146530869473108,Cash,0,,0.0,962.2741377159632
2024-01-15 00:00:00,42279.75,41686.81893637,8.34e-05,0.014023996443451054,spot_gt_mark,0,ENTER SPOT_GT_MARK,0.0,960.8307265093893
2024-01-15 08:00:00,42680.44,42685.44249284,2.207e-05,-0.00011720808970091157,Cash,0,EXIT after 1 steps,-15.045020700157066,945.7857058092322
2024-01-16 00:00:00,42600.0,42476.763184,0.0001,0.002892883004694763,Cash,0,,0.0,945.7857058092322
2024-01-16 08:00:00,43014.53,42733.9,0.0001,0.006524074539463697,Cash,0,,0.0,945.7857058092322
2024-01-16 16:00:00,43249.72,43221.9,0.0001,0.0006432411585554706,Cash,0,,0.0,945.7857058092322
2024-01-17 00:00:00,43092.0,43109.41894259,0.0001,-0.00040422683073416715,Cash,0,,0.0,945.7857058092322
2024-01-17 08:00:00,42728.76,42615.3,2.595e-05,0.0026553543795794477,Cash,0,,0.0,945.7857058092322
2024-01-17 16:00:00,42360.28,42443.71499437,0.0001,-0.0019696516257682885,Cash,0,,0.0,945.7857058092322
2024-01-18 00:00:00,42660.79,42728.28861833,0.0001,-0.0015822167927504122,Cash,0,,0.0,945.7857058092322
2024-01-18 16:00:00,41948.99,42586.1,0.0001,-0.015187731575897312,mark_gt_spot,0,ENTER MARK_GT_SPOT,0.0,944.3670272505184
2024-01-19 00:00:00,41290.5,41280.1,0.0001,0.000251873917729295,Cash,0,EXIT after 1 steps,-15.662594056677962,928.7044331938404
2024-01-19 08:00:00,41289.99,41230.62130132,0.0001,0.0014378472525664176,Cash,0,,0.0,928.7044331938404
2024-01-20 00:00:00,41482.29,41626.83809535,0.0001,-0.003484573666256153,Cash,0,,0.0,928.7044331938404
2024-01-20 08:00:00,41590.0,41634.89612368,0.0001,-0.0010794932358740646,Cash,0,,0.0,928.7044331938404
2024-01-20 16:00:00,41563.66,41541.59035057,0.0001,0.0005309842643791811,Cash,0,,0.0,928.7044331938404
2024-01-21 00:00:00,41645.98,41663.97594491,0.0001,-0.00043211721539507047,Cash,0,,0.0,928.7044331938404
2024-01-21 16:00:00,41607.18,41638.5,0.0001,-0.0007527546928198381,Cash,0,,0.0,928.7044331938404
2024-01-22 00:00:00,41657.43,41562.7,0.0001,0.0022740241056638205,Cash,0,,0.0,928.7044331938404
2024-01-22 08:00:00,40959.0,40989.0,0.0001,-0.0007324397568300008,Cash,0,,0.0,928.7044331938404
2024-01-22 16:00:00,40518.6,40716.54940951,0.0001,-0.004885396077603909,Cash,0,,0.0,928.7044331938404
2024-01-23 00:00:00,39872.0,39507.5,0.0001,0.009141753611556983,Cash,0,,0.0,928.7044331938404
2024-01-23 08:00:00,39464.96,39729.59368238,0.0001,-0.006705535299668393,Cash,0,,0.0,928.7044331938404
2024-01-23 16:00:00,39307.59,39169.44946752,0.0001,0.003514347546618855,Cash,0,,0.0,928.7044331938404
2024-01-24 00:00:00,40179.52,39864.71245912,0.0001,0.00783502493011364,Cash,0,,0.0,928.7044331938404
2024-01-24 08:00:00,39954.53,39950.2,0.0001,0.00010837319322744496,Cash,0,,0.0,928.7044331938404
2024-01-24 16:00:00,40190.02,40034.67604479,0.0001,0.0038652370715415254,Cash,0,,0.0,928.7044331938404
2024-01-25 08:00:00,40080.23,40102.94827893,0.0001,-0.0005668200738867674,Cash,0,,0.0,928.7044331938404
2024-01-25 16:00:00,39710.32,39791.14459622,0.0001,-0.002035354946019113,Cash,0,,0.0,928.7044331938404
2024-01-26 00:00:00,39895.92,39928.50682642,0.0001,-0.0008167959635973676,Cash,0,,0.0,928.7044331938404
2024-01-26 08:00:00,40133.8,39959.6,0.0001,0.0043404810907515445,Cash,0,,0.0,928.7044331938404
2024-01-26 16:00:00,41961.14,41410.5,0.0001,0.013122617736315062,spot_gt_mark,0,ENTER SPOT_GT_MARK,0.0,927.3113765440496
2024-01-27 00:00:00,41785.94,41800.9,0.0001,-0.0003580151601232167,Cash,0,EXIT after 1 steps,-13.813972107761028,913.4974044362885
2024-01-27 08:00:00,41470.01,41699.9,0.0001,-0.00554352410332188,Cash,0,,0.0,913.4974044362885
2024-01-27 16:00:00,41810.18,41792.0,5.219e-05,0.00043482233274289397,Cash,0,,0.0,913.4974044362885
2024-01-28 08:00:00,42491.1,42391.65783558,0.0001,0.0023403057209626823,Cash,0,,0.0,913.4974044362885
2024-01-28 16:00:00,42312.34,42267.5,0.0001,0.0010597381284040664,Cash,0,,0.0,913.4974044362885
2024-01-29 00:00:00,41971.42,42031.19107228,0.0001,-0.0014240898277924328,Cash,0,,0.0,913.4974044362885
2024-01-29 08:00:00,42122.85,42055.20830299,0.0001,0.0016058195732244205,Cash,0,,0.0,913.4974044362885
2024-01-29 16:00:00,43200.0,42630.9347969,0.0001,0.013172805627314793,spot_gt_mark,0,ENTER SPOT_GT_MARK,0.0,912.1271583296341
2024-01-30 00:00:00,43162.02,43294.1,0.0001,-0.0030600977433401346,spot_gt_mark,1,,0.09014640806865928,912.1271583296341
2024-01-30 08:00:00,43432.1,43354.77136994,0.0001,0.0017804487938644727,Cash,0,EXIT after 2 steps,-11.684385291934193,900.4427730376999
2024-01-30 16:00:00,43499.03,43371.36705658,0.0001,0.002934845752192644,Cash,0,,0.0,900.4427730376999
2024-01-31 08:00:00,42978.01,43030.4261378,0.0001,-0.0012196036484704382,Cash,0,,0.0,900.4427730376999
2024-01-31 16:00:00,43474.81,43338.60853214,0.0001,0.003132882417657382,Cash,0,,0.0,900.4427730376999
2024-02-01 00:00:00,42474.95,42552.42412971,0.0001,-0.0018239957836325763,Cash,0,,0.0,900.4427730376999
2024-02-01 08:00:00,42244.54,42152.63909634,0.0001,0.002175450452531941,Cash,0,,0.0,900.4427730376999
2024-02-02 00:00:00,43174.41,43061.91433424,0.0001,0.0026056097989527838,Cash,0,,0.0,900.4427730376999
2024-02-02 08:00:00,43015.99,43064.43315211,0.0001,-0.0011261661561202017,Cash,0,,0.0,900.4427730376999
2024-02-02 16:00:00,43216.36,43207.20398942,0.0001,0.0002118644554979121,Cash,0,,0.0,900.4427730376999
2024-02-03 00:00:00,43229.07,43164.6,7.645e-05,0.0014913575517586004,Cash,0,,0.0,900.4427730376999
2024-02-03 08:00:00,43016.79,43018.6,1.47e-05,-4.207659381366373e-05,Cash,0,,0.0,900.4427730376999
2024-02-03 16:00:00,43095.04,43090.73475042,6.306e-05,9.990127819814615e-05,Cash,0,,0.0,900.4427730376999
2024-02-04 00:00:00,43008.15,42987.9,0.0001,0.0004708409917655142,Cash,0,,0.0,900.4427730376999
2024-02-04 08:00:00,42795.25,42810.0,0.0001,-0.0003446644195325416,Cash,0,,0.0,900.4427730376999
2024-02-04 16:00:00,42913.16,42910.0,0.0001,7.36370847545017e-05,Cash,0,,0.0,900.4427730376999
2024-02-05 00:00:00,42360.96,42547.59837025,-2.088e-05,-0.004405905112868133,Cash,0,,0.0,900.4427730376999
2024-02-05 08:00:00,43033.53,43044.1,0.0001,-0.0002456224251182673,Cash,0,,0.0,900.4427730376999
2024-02-05 16:00:00,42741.69,42600.1,0.0001,0.0033126907242087005,Cash,0,,0.0,900.4427730376999
2024-02-06 00:00:00,42600.34,42651.9,0.0001,-0.0012103189786749344,Cash,0,,0.0,900.4427730376999
2024-02-06 08:00:00,43069.02,42840.5718487,0.0001,0.005304233792642581,Cash,0,,0.0,900.4427730376999
2024-02-06 16:00:00,43165.46,43212.29030338,0.0001,-0.0010849022199694825,Cash,0,,0.0,900.4427730376999
2024-02-07 00:00:00,43096.47,43072.36457131,0.0001,0.0005593364999500763,Cash,0,,0.0,900.4427730376999
2024-02-07 08:00:00,42942.83,42861.30748293,3.216e-05,0.0018983964743357526,Cash,0,,0.0,900.4427730376999
2024-02-07 16:00:00,43240.71,43030.0,0.0001,0.004872954213749014,Cash,0,,0.0,900.4427730376999
2024-02-08 00:00:00,44676.01,44341.0,0.0001,0.007498655318592731,Cash,0,,0.0,900.4427730376999
2024-02-08 08:00:00,44718.33,44504.937399,0.0001,0.004771926880990402,Cash,0,,0.0,900.4427730376999
2024-02-08 16:00:00,45066.01,45454.91000495,0.0001,-0.008629563721083705,Cash,0,,0.0,900.4427730376999
2024-02-09 00:00:00,45289.1,45309.12004473,0.0001,-0.0004420499574953189,Cash,0,,0.0,900.4427730376999
2024-02-09 08:00:00,46639.99,46212.98317279,0.0001,0.009155379904884116,Cash,0,,0.0,900.4427730376999
2024-02-09 16:00:00,47275.88,47160.0,0.0001,0.002451144219843129,Cash,0,,0.0,900.4427730376999
2024-02-10 00:00:00,47088.0,47142.9,0.0001,-0.0011659021406728138,Cash,0,,0.0,900.4427730376999
2024-02-10 08:00:00,47087.7,47170.9,0.0001,-0.0017669157763068567,Cash,0,,0.0,900.4427730376999
2024-02-10 16:00:00,47250.0,47363.5,4.031e-05,-0.002402116402116402,Cash,0,,0.0,900.4427730376999
2024-02-11 00:00:00,47732.43,47763.0,0.0001,-0.0006404450810486645,Cash,0,,0.0,900.4427730376999
2024-02-11 08:00:00,48140.0,48198.15357064,0.0001,-0.0012080093610303847,Cash,0,,0.0,900.4427730376999
2024-02-11 16:00:00,48104.01,48179.55998813,0.0001,-0.0015705548899145492,Cash,0,,0.0,900.4427730376999
2024-02-12 00:00:00,48604.0,48329.723687,0.0001,0.0056430810838614546,Cash,0,,0.0,900.4427730376999
2024-02-12 08:00:00,48114.01,48234.7,0.0001,-0.002508416987068736,Cash,0,,0.0,900.4427730376999
2024-02-12 16:00:00,49582.33,49984.16572668,0.00010677,-0.008104413945048593,Cash,0,,0.0,900.4427730376999
2024-02-13 00:00:00,50101.7,49965.17868378,0.0001,0.0027248839105258773,Cash,0,,0.0,900.4427730376999
2024-02-13 08:00:00,50117.98,50040.0,0.0001,0.0015559286308028217,Cash,0,,0.0,900.4427730376999
2024-02-13 16:00:00,48477.07,48767.9,0.00011406,-0.005999331230208463,Cash,0,,0.0,900.4427730376999
2024-02-14 00:00:00,49482.81,49741.9,0.0001,-0.005235959720153399,Cash,0,,0.0,900.4427730376999
2024-02-14 08:00:00,50758.0,49889.9,0.0001,0.017102722723511536,spot_gt_mark,0,ENTER SPOT_GT_MARK,0.0,899.0921088781433
2024-02-14 16:00:00,51581.35,51648.2,0.00024137,-0.0012960110582603702,Cash,0,EXIT after 1 steps,-17.74577668271378,881.3463321954296
2024-02-15 00:00:00,52321.2,51853.55120818,0.0001,0.008938036433032882,Cash,0,,0.0,881.3463321954296
2024-02-15 08:00:00,51934.01,51842.73307405,0.00013511,0.001757555905080419,Cash,0,,0.0,881.3463321954296
2024-02-15 16:00:00,52265.32,51988.75907055,0.0001,0.0052914806500754755,Cash,0,,0.0,881.3463321954296
2024-02-16 00:00:00,51914.08,51970.31665994,0.00031009,-0.0010832641152457576,Cash,0,,0.0,881.3463321954296
2024-02-16 08:00:00,51829.3,51819.9,0.00045448,0.00018136459492992295,Cash,0,,0.0,881.3463321954296
2024-02-16 16:00:00,52041.1,51946.940153,0.00041647,0.0018093362169515125,Cash,0,,0.0,881.3463321954296
2024-02-17 00:00:00,52003.8,52188.3,0.0001,-0.0035478176594787303,Cash,0,,0.0,881.3463321954296
2024-02-17 08:00:00,51740.01,51965.1,0.0001,-0.0043504050347109805,Cash,0,,0.0,881.3463321954296
2024-02-17 16:00:00,50951.25,51045.52508049,0.00016663,-0.0018502996587914683,Cash,0,,0.0,881.3463321954296
2024-02-18 00:00:00,51676.95,51697.7,0.00030994,-0.0004015329852090729,Cash,0,,0.0,881.3463321954296
2024-02-18 08:00:00,51790.01,51710.14297833,0.00029854,0.0015421318063079106,Cash,0,,0.0,881.3463321954296
2024-02-18 16:00:00,51835.57,51827.11909633,0.00030878,0.0001630329071330069,Cash,0,,0.0,881.3463321954296
2024-02-19 00:00:00,52183.72,52177.23725443,0.0003136,0.0001242292724627466,Cash,0,,0.0,881.3463321954296
2024-02-19 08:00:00,52098.5,52456.1,0.00041467,-0.00686392122613892,Cash,0,,0.0,881.3463321954296
2024-02-19 16:00:00,51775.76,52152.05202394,0.00028146,-0.007267725745406678,Cash,0,,0.0,881.3463321954296
2024-02-20 00:00:00,51641.82,51805.50406332,0.0001,-0.003169602917170565,Cash,0,,0.0,881.3463321954296
2024-02-20 08:00:00,51776.8,51871.2,0.0003272,-0.0018232103953893283,Cash,0,,0.0,881.3463321954296
2024-02-20 16:00:00,51396.33,51705.38589647,0.00020029,-0.0060131899781559455,Cash,0,,0.0,881.3463321954296
2024-02-21 00:00:00,52174.2,52318.1,0.00018931,-0.0027580681639584595,Cash,0,,0.0,881.3463321954296
2024-02-21 08:00:00,51667.84,51581.9,0.0001,0.0016633170653155822,Cash,0,,0.0,881.3463321954296
2024-02-21 16:00:00,51346.39,51172.0,0.0001,0.003396343929923787,Cash,0,,0.0,881.3463321954296
2024-02-22 00:00:00,51532.57,51896.0,0.00042188,-0.007052433053503838,Cash,0,,0.0,881.3463321954296
2024-02-22 08:00:00,51888.52,51842.45044097,0.00038078,0.0008878564859817684,Cash,0,,0.0,881.3463321954296
2024-02-22 16:00:00,51479.09,51610.0,0.00034808,-0.002542974244494289,Cash,0,,0.0,881.3463321954296
2024-02-23 00:00:00,51455.85,51300.0,0.0001,0.003028810135290711,Cash,0,,0.0,881.3463321954296
2024-02-23 08:00:00,50958.54,50939.4,0.0001,0.0003755994579122443,Cash,0,,0.0,881.3463321954296
2024-02-23 16:00:00,51053.07,50940.39492524,0.00018451,0.002207018593788811,Cash,0,,0.0,881.3463321954296
2024-02-24 00:00:00,50889.2,50757.9,0.0001,0.002580115230736495,Cash,0,,0.0,881.3463321954296
2024-02-24 08:00:00,50994.92,51096.0,0.00031843,-0.0019821582228190917,Cash,0,,0.0,881.3463321954296
2024-02-25 00:00:00,51486.86,51585.22760315,0.0001,-0.0019105380120286986,Cash,0,,0.0,881.3463321954296
2024-02-25 08:00:00,51606.36,51760.0,0.00030315,-0.0029771524284991115,Cash,0,,0.0,881.3463321954296
2024-02-25 16:00:00,51378.48,51531.85708338,0.00027482,-0.0029852398003987965,Cash,0,,0.0,881.3463321954296
2024-02-26 00:00:00,51678.9,51759.10777602,0.00030125,-0.001552041084852759,Cash,0,,0.0,881.3463321954296
2024-02-26 08:00:00,51250.16,51310.5,0.00015163,-0.001177362177991181,Cash,0,,0.0,881.3463321954296
2024-02-26 16:00:00,53391.02,52892.17714523,0.0001,0.009343197690735166,Cash,0,,0.0,881.3463321954296
2024-02-27 00:00:00,54554.93,54561.2,0.00015314,-0.00011493003473740684,Cash,0,,0.0,881.3463321954296
2024-02-27 08:00:00,56235.99,56134.1,0.00065947,0.001811829043998326,Cash,0,,0.0,881.3463321954296
2024-02-27 16:00:00,57040.01,56816.04626609,0.00035117,0.003926432234321152,Cash,0,,0.0,881.3463321954296
2024-02-28 00:00:00,57015.34,57113.2,0.00033792,-0.001716380188209008,Cash,0,,0.0,881.3463321954296
2024-02-28 16:00:00,62412.01,61034.02038296,0.00066515,0.022078917455791,spot_gt_mark,0,ENTER SPOT_GT_MARK,0.0,880.0243126971365
2024-02-29 00:00:00,61359.99,62528.90487357,0.00067732,-0.019050115125018762,spot_gt_mark,1,,0.5837734107214453,880.0243126971365
2024-02-29 08:00:00,62785.28,62728.18365044,0.0009403,0.0009093906973099557,Cash,0,EXIT after 2 steps,-19.171780216672822,860.8525324804637
2024-02-29 16:00:00,62171.97,62844.1,0.00070208,-0.010810820374519215,mark_gt_spot,0,ENTER MARK_GT_SPOT,0.0,859.561253681743
2024-03-01 00:00:00,61501.11,61242.79724701,0.00060069,0.004200131558438558,mark_gt_spot,1,,0.5115749627057762,859.561253681743
2024-03-01 08:00:00,61908.62,61472.0,0.00059611,0.007052652764671585,mark_gt_spot,2,,0.5076744261075433,859.561253681743
2024-03-01 16:00:00,61427.38,61338.16515781,0.00047263,0.0014523628093856243,Cash,0,EXIT after 3 steps,-11.287811049717769,848.2734426320252
2024-03-02 00:00:00,62299.99,62466.9,0.0001,-0.002679133656361799,Cash,0,,0.0,848.2734426320252
2024-03-02 08:00:00,61939.64,62136.0,0.00024549,-0.0031701831008381803,Cash,0,,0.0,848.2734426320252
2024-03-03 00:00:00,61736.9,62104.44313671,0.0005423,-0.005953378558204177,Cash,0,,0.0,848.2734426320252
2024-03-03 08:00:00,61597.11,61686.4,0.00057456,-0.001449580994952537,Cash,0,,0.0,848.2734426320252
2024-03-03 16:00:00,62845.15,62230.75209307,0.00049753,0.00977637744408286,Cash,0,,0.0,848.2734426320252
2024-03-04 00:00:00,63459.3,63193.5,0.00041948,0.004188511376583147,Cash,0,,0.0,848.2734426320252
2024-03-04 08:00:00,65241.08,64174.1,0.00040148,0.01635441963866943,spot_gt_mark,0,ENTER SPOT_GT_MARK,0.0,847.0010324680771
2024-03-04 16:00:00,66539.82,66564.2,0.00068712,-0.00036639714384544626,Cash,0,EXIT after 1 steps,-14.914656224744729,832.0863762433324
2024-03-05 00:00:00,68034.01,68363.2,0.0001,-0.004838609395506782,Cash,0,,0.0,832.0863762433324
2024-03-05 16:00:00,65495.98,66872.1,0.00067329,-0.021010755163904753,mark_gt_spot,0,ENTER MARK_GT_SPOT,0.0,830.8382466789675
2024-03-06 00:00:00,63429.18,63800.82058836,0.00016256,-0.005859142249040613,mark_gt_spot,1,,0.1324804470844207,830.8382466789675
2024-03-06 08:00:00,66941.23,66736.6,0.00034982,0.003056860472984887,mark_gt_spot,2,,0.285090489659646,830.8382466789675
2024-03-06 16:00:00,67086.0,66570.77948511,0.00049602,0.007680000520078641,Cash,0,EXIT after 3 steps,-24.376936139430757,806.4613105395367
2024-03-07 00:00:00,66198.31,66167.46693505,0.00040128,0.0004659192198410092,Cash,0,,0.0,806.4613105395367
2024-03-07 08:00:00,66665.41,66458.0,0.00022267,0.0031112086462830348,Cash,0,,0.0,806.4613105395367
2024-03-07 16:00:00,67304.02,67378.0,0.0003552,-0.0010991914004541768,Cash,0,,0.0,806.4613105395367
2024-03-08 00:00:00,67072.65,66989.89187377,0.00019823,0.0012338580066538843,Cash,0,,0.0,806.4613105395367
2024-03-08 08:00:00,67208.55,67408.0,0.00023164,-0.002967628374663597,Cash,0,,0.0,806.4613105395367
2024-03-09 00:00:00,68100.01,68301.5,0.0001,-0.0029587367167788264,Cash,0,,0.0,806.4613105395367
2024-03-09 16:00:00,68104.59,68496.97920548,0.00020042,-0.005761567692867823,Cash,0,,0.0,806.4613105395367
2024-03-10 00:00:00,68343.12,68516.3,0.00020619,-0.002533978548243153,Cash,0,,0.0,806.4613105395367
2024-03-10 08:00:00,69635.35,69533.6,0.00073722,0.0014611831490758643,Cash,0,,0.0,806.4613105395367
2024-03-10 16:00:00,69426.42,69383.9,0.00062035,0.0006124469618338966,Cash,0,,0.0,806.4613105395367
2024-03-11 00:00:00,68095.99,69067.7,0.00038313,-0.014269709567332698,mark_gt_spot,0,ENTER MARK_GT_SPOT,0.0,805.2516185737275
2024-03-11 08:00:00,71190.0,71275.1,0.00107745,-0.0011953926113218967,Cash,0,EXIT after 1 steps,-10.743314457033467,794.508304116694
2024-03-11 16:00:00,72501.1,72111.9,0.00098585,0.005368194413602161,Cash,0,,0.0,794.508304116694
2024-03-12 00:00:00,71988.27,72196.1,0.00047095,-0.002886998117887841,Cash,0,,0.0,794.508304116694
2024-03-12 16:00:00,70507.37,71800.0,0.00073692,-0.018333260764087565,mark_gt_spot,0,ENTER MARK_GT_SPOT,0.0,793.316541660519
2024-03-13 00:00:00,71410.68,71533.1,0.00030843,-0.0017143094002187462,Cash,0,EXIT after 1 steps,-13.894724691914861,779.421816968604
2024-03-13 08:00:00,73433.5,73008.0,0.00055361,0.005794358160784928,Cash,0,,0.0,779.421816968604
2024-03-13 16:00:00,72995.91,72747.87001528,0.0001,0.0033979983908687815,Cash,0,,0.0,779.421816968604
2024-03-14 00:00:00,72842.77,73116.32119681,0.0001,-0.0037553651077517924,Cash,0,,0.0,779.421816968604
2024-03-14 08:00:00,73321.11,73316.9,0.00016743,5.741866155608395e-05,Cash,0,,0.0,779.421816968604
2024-03-15 00:00:00,71910.01,71409.28530338,0.00033098,0.006963212724069836,Cash,0,,0.0,779.421816968604
2024-03-15 08:00:00,67066.26,68443.0,0.00034498,-0.02052805687986784,mark_gt_spot,0,ENTER MARK_GT_SPOT,0.0,778.2526842431512
2024-03-15 16:00:00,67893.77,68176.50437621,0.00017044,-0.004164364067719199,mark_gt_spot,1,,0.1301724666838501,778.2526842431512
2024-03-16 16:00:00,68187.05,68398.0,0.00027708,-0.0030936959437312082,mark_gt_spot,2,,0.21161808888031677,778.2526842431512
2024-03-17 00:00:00,65220.55,65308.24081336,0.00050823,-0.0013445273515785075,Cash,0,EXIT after 3 steps,-15.406237899540033,762.8464463436111
2024-03-17 08:00:00,66521.1,65639.7,0.00042096,0.013249931224829545,spot_gt_mark,0,ENTER SPOT_GT_MARK,0.0,761.7021766740957
2024-03-17 16:00:00,68021.79,67947.8,0.00039807,0.0010877396787116406,Cash,0,EXIT after 1 steps,-10.128969970555868,751.5732067035398
2024-03-18 00:00:00,67301.94,68404.0,0.00010986,-0.016374862299660273,mark_gt_spot,0,ENTER MARK_GT_SPOT,0.0,750.4458468934845
2024-03-18 08:00:00,68035.46,68200.0,0.0002176,-0.002418444734554504,mark_gt_spot,1,,0.16090749175816654,750.4458468934845
2024-03-19 00:00:00,67086.96,67639.8,0.0001,-0.008240647660886653,mark_gt_spot,2,,0.07394645760945154,750.4458468934845
2024-03-19 08:00:00,63464.0,64720.95502329,0.0001,-0.01980579577855162,Cash,0,EXIT after 3 steps,0.7195178581559778,751.1653647516405
2024-03-19 16:00:00,64972.0,64035.5,0.00037318,0.014413901372899095,spot_gt_mark,0,ENTER SPOT_GT_MARK,0.0,750.0386167045131
2024-03-20 00:00:00,63230.02,61944.28811176,0.0001,0.020334200246022373,spot_gt_mark,1,,0.07403381412693727,750.0386167045131
2024-03-20 16:00:00,63103.63,63641.99988579,0.0001,-0.008531520069289226,spot_gt_mark,2,,0.07403381412693727,750.0386167045131
2024-03-21 00:00:00,67656.0,67872.0,0.0001,-0.0031926214969847464,Cash,0,EXIT after 3 steps,-14.425612765042723,735.6130039394703
2024-03-21 08:00:00,67283.55,67032.2,0.0001546,0.003735682793193965,Cash,0,,0.0,735.6130039394703
2024-03-21 16:00:00,66791.93,66589.8,0.00020652,0.0030262638016297794,Cash,0,,0.0,735.6130039394703
2024-03-22 00:00:00,65794.0,65512.54717605,0.0001,0.004277788612183475,Cash,0,,0.0,735.6130039394703
2024-03-22 08:00:00,65858.68,66228.76466235,0.0001,-0.00561937564418253,Cash,0,,0.0,735.6130039394703
2024-03-22 16:00:00,63270.62,63900.2620732,0.0001,-0.009951571095715466,Cash,0,,0.0,735.6130039394703
2024-03-23 00:00:00,63571.99,63849.1,0.0001,-0.004358995211570388,Cash,0,,0.0,735.6130039394703
2024-03-23 08:00:00,64521.99,64616.37399157,0.00018774,-0.001462818979544818,Cash,0,,0.0,735.6130039394703
2024-03-23 16:00:00,65661.34,65153.85385908,0.00021069,0.007728842282536342,Cash,0,,0.0,735.6130039394703
2024-03-24 00:00:00,64524.0,64028.1,0.0001,0.007685512367491189,Cash,0,,0.0,735.6130039394703
2024-03-24 08:00:00,65244.0,64610.56507146,0.0001,0.009708707751517413,Cash,0,,0.0,735.6130039394703
2024-03-24 16:00:00,65249.04,65705.1,0.00044465,-0.006989528121793132,Cash,0,,0.0,735.6130039394703
2024-03-25 00:00:00,66577.34,67259.18956368,0.00036728,-0.010241465995487462,mark_gt_spot,0,ENTER MARK_GT_SPOT,0.0,734.5095844335611
2024-03-25 08:00:00,66938.67,66872.0,0.0001,0.0009959863259906157,Cash,0,EXIT after 1 steps,-9.211348884017577,725.2982355495436
2024-03-25 16:00:00,70154.42,69906.0,0.00025431,0.0035410455962717425,Cash,0,,0.0,725.2982355495436
2024-03-26 00:00:00,69893.0,69968.8,0.00061956,-0.001084514901349247,Cash,0,,0.0,725.2982355495436
2024-03-26 08:00:00,70693.66,70529.9,0.0001,0.0023164736413422266,Cash,0,,0.0,725.2982355495436
2024-03-26 16:00:00,69729.99,70330.1,0.00025417,-0.008606196559041534,Cash,0,,0.0,725.2982355495436
2024-03-27 16:00:00,69244.0,68911.8,0.00063059,0.004797527583617311,Cash,0,,0.0,725.2982355495436
2024-03-28 00:00:00,69682.0,69482.33651157,0.0001,0.002865352435779687,Cash,0,,0.0,725.2982355495436
2024-03-28 08:00:00,70578.1,70449.1,0.0003475,0.0018277624362231341,Cash,0,,0.0,725.2982355495436
2024-03-28 16:00:00,70686.95,71312.2,0.00057298,-0.008845338496002445,Cash,0,,0.0,725.2982355495436
2024-03-29 08:00:00,69932.99,69861.53471519,0.0002783,0.0010217679068205046,Cash,0,,0.0,725.2982355495436
2024-03-30 00:00:00,69932.9,69936.28572002,0.00021962,-4.841383697801762e-05,Cash,0,,0.0,725.2982355495436
2024-03-30 08:00:00,69966.01,69954.8,0.00043781,0.00016022065571542313,Cash,0,,0.0,725.2982355495436
2024-03-31 00:00:00,69872.29,69659.9,0.00014525,0.0030396885517849697,Cash,0,,0.0,725.2982355495436
2024-03-31 08:00:00,70266.0,70394.1,0.00068038,-0.0018230723251644583,Cash,0,,0.0,725.2982355495436
2024-03-31 16:00:00,70469.21,70451.9,0.00084788,0.0002456391947633899,Cash,0,,0.0,725.2982355495436
2024-04-01 00:00:00,71152.86,71384.9,0.00071823,-0.0032611479004497302,Cash,0,,0.0,725.2982355495436
2024-04-01 08:00:00,69388.64,69649.0,0.00011585,-0.0037521992072477653,Cash,0,,0.0,725.2982355495436
2024-04-02 08:00:00,66240.02,66516.18387288,0.0001,-0.0041691393341971,Cash,0,,0.0,725.2982355495436
2024-04-02 16:00:00,65543.91,64911.96034592,0.0001,0.00964162275457785,Cash,0,,0.0,725.2982355495436
2024-04-03 16:00:00,66194.5,65882.62636602,0.0001,0.004711473520911773,Cash,0,,0.0,725.2982355495436
2024-04-04 00:00:00,66288.0,65930.6,1.21e-05,0.005391624426743818,Cash,0,,0.0,725.2982355495436
2024-04-04 08:00:00,66220.01,66076.0,0.0001,0.00217472029980054,Cash,0,,0.0,725.2982355495436
2024-04-04 16:00:00,67807.64,67691.27065041,0.0001,0.0017161687029661166,Cash,0,,0.0,725.2982355495436
2024-04-05 00:00:00,68606.0,68488.8592263,0.0001,0.0017074421143922869,Cash,0,,0.0,725.2982355495436
2024-04-05 08:00:00,67151.21,66906.2,0.0001,0.0036486312011356054,Cash,0,,0.0,725.2982355495436
2024-04-05 16:00:00,67953.8,68230.23258348,0.0001,-0.004067948863492498,Cash,0,,0.0,725.2982355495436
2024-04-06 00:00:00,67900.57,67831.59768904,0.0001,0.001015783975893012,Cash,0,,0.0,725.2982355495436
2024-04-06 08:00:00,68012.14,68038.0,0.0001,-0.00038022623608080237,Cash,0,,0.0,725.2982355495436
2024-04-06 16:00:00,68143.48,68125.3890564,0.0001,0.0002654831188544069,Cash,0,,0.0,725.2982355495436
2024-04-07 00:00:00,68999.99,68926.05425783,0.0001,0.001071532650512145,Cash,0,,0.0,725.2982355495436
2024-04-07 08:00:00,69479.99,69371.9798032,0.0001,0.0015545511275981616,Cash,0,,0.0,725.2982355495436
2024-04-07 16:00:00,70074.0,69561.17810344,0.0001,0.007318290615064009,Cash,0,,0.0,725.2982355495436
2024-04-08 00:00:00,69325.99,69345.9,0.0001,-0.00028719387923618455,Cash,0,,0.0,725.2982355495436
2024-04-08 08:00:00,71968.0,70736.83121321,0.0001,0.01710716966971437,spot_gt_mark,0,ENTER SPOT_GT_MARK,0.0,724.2102881962193
2024-04-08 16:00:00,71740.1,71798.0,0.00036453,-0.0008070800012823258,Cash,0,EXIT after 1 steps,-13.816389839411645,710.3938983568077
2024-04-09 00:00:00,71419.99,71636.0,0.0001,-0.0030245033638340575,Cash,0,,0.0,710.3938983568077
2024-04-09 08:00:00,70500.01,70387.9,0.0001,0.0015902125403953926,Cash,0,,0.0,710.3938983568077
2024-04-09 16:00:00,68601.24,69270.90981796,0.0001,-0.009761774247229228,Cash,0,,0.0,710.3938983568077
2024-04-10 00:00:00,69138.81,69136.23648785,0.0001,3.722239578615553e-05,Cash,0,,0.0,710.3938983568077
2024-04-10 08:00:00,69011.92,69331.3,0.0001,-0.004627896166343505,Cash,0,,0.0,710.3938983568077
2024-04-10 16:00:00,69500.0,68652.0,0.0001,0.012201438848920863,spot_gt_mark,0,ENTER SPOT_GT_MARK,0.0,709.3283075092725
2024-04-11 08:00:00,71039.39,70760.0,0.0001,0.003932888500309468,spot_gt_mark,1,,0.07017260706473606,709.3283075092725
2024-04-11 16:00:00,70011.99,69976.0,0.0001,0.0005140548068981504,Cash,0,EXIT after 2 steps,-9.302948398102645,700.0253591111698
2024-04-12 00:00:00,70301.63,70012.5,-6.531e-05,0.004112706917321898,Cash,0,,0.0,700.0253591111698
2024-04-12 16:00:00,68840.54,69283.71709976,0.0001,-0.006437734215333155,Cash,0,,0.0,700.0253591111698
2024-04-13 00:00:00,66913.27,67126.49876198,-0.00017997,-0.0031866438746752314,Cash,0,,0.0,700.0253591111698
2024-04-13 08:00:00,67176.0,67444.0,-1.594e-05,-0.003989520066690485,Cash,0,,0.0,700.0253591111698
2024-04-13 16:00:00,67432.37,67687.05113913,0.0001,-0.0037768380249722767,Cash,0,,0.0,700.0253591111698
2024-04-14 00:00:00,63672.18,63983.08538814,-0.00029523,-0.004882907859288047,Cash,0,,0.0,700.0253591111698
2024-04-14 08:00:00,64530.67,64495.17733053,0.0001,0.0005500124122374223,Cash,0,,0.0,700.0253591111698
2024-04-14 16:00:00,64412.37,64164.38201282,0.0001,0.0038500056305954948,Cash,0,,0.0,700.0253591111698
2024-04-15 00:00:00,65485.23,65673.3336813,-2.938e-05,-0.002872459656933369,Cash,0,,0.0,700.0253591111698
2024-04-15 16:00:00,64148.61,64600.1,2.73e-06,-0.007038188356692342,Cash,0,,0.0,700.0253591111698
2024-04-16 00:00:00,63254.74,63413.9,-7.435e-05,-0.002516175072413601,Cash,0,,0.0,700.0253591111698
2024-04-16 08:00:00,63288.48,63526.9,8.576e-05,-0.003767194282434943,Cash,0,,0.0,700.0253591111698
2024-04-16 16:00:00,62730.9,61781.6,-8.097e-05,0.015132893039953244,spot_gt_mark,0,ENTER SPOT_GT_MARK,0.0,698.975321072503
2024-04-17 00:00:00,64022.59,63809.29037633,6.052e-05,0.003331630658334789,spot_gt_mark,1,,0.04172442162770691,698.975321072503
2024-04-17 08:00:00,63325.75,63289.22381013,2.066e-05,0.0005767983777530835,Cash,0,EXIT after 2 steps,-11.231252313269454,687.7440687592335
2024-04-17 16:00:00,60194.95,60269.19906753,-3.18e-05,-0.0012334766874962035,Cash,0,,0.0,687.7440687592335
2024-04-18 08:00:00,61335.99,61173.10975301,4.871e-05,0.0026555411755805444,Cash,0,,0.0,687.7440687592335
2024-04-18 16:00:00,63536.72,63515.4,-0.00021167,0.000335553991455645,Cash,0,,0.0,687.7440687592335
2024-04-19 00:00:00,62711.08,63477.88531564,-0.00029339,-0.012227589058265275,mark_gt_spot,0,ENTER MARK_GT_SPOT,0.0,686.7124526560947
2024-04-19 16:00:00,64005.76,64442.0,-5.092e-05,-0.006815636592706624,mark_gt_spot,1,,-0.03459689141036085,686.7124526560947
2024-04-20 00:00:00,63444.51,63822.1,9.818e-05,-0.005951499980061261,mark_gt_spot,2,,0.06670704632107675,686.7124526560947
2024-04-20 08:00:00,63729.45,63966.6,-0.00013664,-0.0037211995396163227,Cash,0,EXIT after 3 steps,-6.868961066291489,679.8434915898032
2024-04-20 16:00:00,64739.24,64806.1,7.259e-05,-0.001032758493921161,Cash,0,,0.0,679.8434915898032
2024-04-21 00:00:00,64759.98,64945.84963059,-0.00010171,-0.002870131068446808,Cash,0,,0.0,679.8434915898032
2024-04-21 08:00:00,64926.83,65130.24026553,-0.00011689,-0.0031329153992271175,Cash,0,,0.0,679.8434915898032
2024-04-21 16:00:00,64578.37,65020.0635389,2.592e-05,-0.006839651401854817,Cash,0,,0.0,679.8434915898032
2024-04-22 00:00:00,64908.96,64931.9,0.0001,-0.00035341807972277367,Cash,0,,0.0,679.8434915898032
2024-04-22 08:00:00,65961.59,65992.7,0.0001,-0.00047163811545477576,Cash,0,,0.0,679.8434915898032
2024-04-22 16:00:00,66154.73,65988.0,-7.46e-06,0.0025203035368747775,Cash,0,,0.0,679.8434915898032
2024-04-23 00:00:00,67028.14,66802.92870618,-6.01e-05,0.0033599514147341805,Cash,0,,0.0,679.8434915898032
2024-04-23 08:00:00,66215.07,66110.0,8.268e-05,0.0015867988963842669,Cash,0,,0.0,679.8434915898032
2024-04-23 16:00:00,66747.36,66400.4,9.861e-05,0.005198108209822926,Cash,0,,0.0,679.8434915898032
2024-04-24 00:00:00,66742.19,66402.1,0.0001,0.005095577475057329,Cash,0,,0.0,679.8434915898032
2024-04-24 08:00:00,66533.99,66618.12875829,0.0001,-0.001264598114287021,Cash,0,,0.0,679.8434915898032
2024-04-24 16:00:00,64798.0,64580.0,0.0001,0.0033643013673261522,Cash,0,,0.0,679.8434915898032
2024-04-25 00:00:00,64557.25,64242.38680246,0.0001,0.004877270911322873,Cash,0,,0.0,679.8434915898032
2024-04-25 08:00:00,63948.78,63970.2,8.154e-05,-0.0003349555691288912,Cash,0,,0.0,679.8434915898032
2024-04-26 00:00:00,64307.03,64455.7,8.368e-05,-0.0023118778771154297,Cash,0,,0.0,679.8434915898032
2024-04-26 08:00:00,64412.5,64247.0,7.129e-05,0.002569377061905686,Cash,0,,0.0,679.8434915898032
2024-04-26 16:00:00,63662.51,63438.7,2.535e-05,0.003515569838512571,Cash,0,,0.0,679.8434915898032
2024-04-27 00:00:00,63181.99,63726.0,0.0001,-0.008610206801020386,Cash,0,,0.0,679.8434915898032
2024-04-27 08:00:00,63016.01,62940.0,0.0001,0.0012062014081818577,Cash,0,,0.0,679.8434915898032
2024-04-27 16:00:00,62750.0,62900.01182329,0.0001,-0.0023906266659760728,Cash,0,,0.0,679.8434915898032
2024-04-28 00:00:00,63616.57,63380.2,6.211e-05,0.0037155414069007906,Cash,0,,0.0,679.8434915898032
2024-04-29 08:00:00,62398.0,62363.18566176,-5.336e-05,0.000557939969870849,Cash,0,,0.0,679.8434915898032
2024-04-29 16:00:00,62792.02,63013.62649313,0.0001,-0.0035292142716543623,Cash,0,,0.0,679.8434915898032
2024-04-30 00:00:00,64580.0,63820.36437359,0.0001,0.011762707129297044,spot_gt_mark,0,ENTER SPOT_GT_MARK,0.0,678.8237263524185
2024-04-30 08:00:00,61919.32,63114.5597847,-1.006e-05,-0.01930318008498806,spot_gt_mark,1,,-0.006758777718547005,678.8237263524185
2024-04-30 16:00:00,60336.68,60737.71075688,0.0001,-0.006646549940765685,spot_gt_mark,2,,0.06718466917044737,678.8237263524185
2024-05-01 00:00:00,60240.57,60604.0,0.0001,-0.006032977443606531,Cash,0,EXIT after 3 steps,-12.709610043579904,666.1141163088386
2024-05-01 08:00:00,57169.69,57408.0,0.0001,-0.004168467591830525,Cash,0,,0.0,666.1141163088386
2024-05-01 16:00:00,57043.99,56806.20885748,0.0001,0.004168382024469151,Cash,0,,0.0,666.1141163088386
2024-05-02 00:00:00,57767.29,58241.62823119,0.0001,-0.008211190644220953,Cash,0,,0.0,666.1141163088386
2024-05-02 16:00:00,59017.54,59229.2,-9.919e-05,-0.003586391435495214,Cash,0,,0.0,666.1141163088386
2024-05-03 00:00:00,59031.81,59064.25762369,-0.00017999,-0.0005496633711553298,Cash,0,,0.0,666.1141163088386
2024-05-03 08:00:00,59225.99,59156.1,-0.00012472,0.0011800562557079996,Cash,0,,0.0,666.1141163088386
2024-05-03 16:00:00,61681.99,61674.5,0.0001,0.0001214292859228109,Cash,0,,0.0,666.1141163088386
2024-05-04 00:00:00,63083.99,62884.25689837,-0.00014458,0.0031661456675457804,Cash,0,,0.0,666.1141163088386
2024-05-04 08:00:00,63160.95,62964.0,0.0001,0.003118224155906412,Cash,0,,0.0,666.1141163088386
2024-05-05 00:00:00,63509.52,63882.25856345,0.0001,-0.005869018746323424,Cash,0,,0.0,666.1141163088386
2024-05-05 08:00:00,63668.0,63729.87513037,0.0001,-0.000971840333762602,Cash,0,,0.0,666.1141163088386
2024-05-05 16:00:00,64321.99,64437.38384483,0.0001,-0.0017940030280469124,Cash,0,,0.0,666.1141163088386
2024-05-06 00:00:00,64218.02,64016.2,0.0001,0.003142731588423307,Cash,0,,0.0,666.1141163088386
2024-05-06 08:00:00,65143.04,64536.87147603,7.323e-05,0.009305192449876485,Cash,0,,0.0,666.1141163088386
2024-05-06 16:00:00,63192.43,63631.15643708,0.0001,-0.006942705591160154,Cash,0,,0.0,666.1141163088386
2024-05-07 00:00:00,63545.45,63136.0,0.0001,0.006443419631145851,Cash,0,,0.0,666.1141163088386
2024-05-07 08:00:00,64232.0,63658.66758465,6.635e-05,0.008925962376229913,Cash,0,,0.0,666.1141163088386
2024-05-07 16:00:00,63634.0,63712.2,0.0001,-0.0012289027878177876,Cash,0,,0.0,666.1141163088386
2024-05-08 00:00:00,62586.01,62302.20597521,4.446e-05,0.004534624028437009,Cash,0,,0.0,666.1141163088386
2024-05-08 08:00:00,62375.99,62182.0,0.0001,0.0031100107589474408,Cash,0,,0.0,666.1141163088386
2024-05-08 16:00:00,62444.45,62239.50494771,0.0001,0.003282037911936139,Cash,0,,0.0,666.1141163088386
2024-05-09 00:00:00,61400.0,61147.8038333,6.42e-05,0.004107429425081427,Cash,0,,0.0,666.1141163088386
2024-05-09 08:00:00,61310.0,61195.4,-3.809e-05,0.0018691893655194674,Cash,0,,0.0,666.1141163088386
2024-05-09 16:00:00,61859.81,62124.07839169,0.0001,-0.004272053077596035,Cash,0,,0.0,666.1141163088386
2024-05-10 00:00:00,62840.73,63034.3,-0.00010189,-0.0030803270426680227,Cash,0,,0.0,666.1141163088386
2024-05-10 16:00:00,61071.54,60881.9,-8.397e-05,0.0031052107086213874,Cash,0,,0.0,666.1141163088386
2024-05-11 00:00:00,60779.99,60763.07364535,6.037e-05,0.00027832111604491114,Cash,0,,0.0,666.1141163088386
2024-05-11 08:00:00,60790.0,60971.07033022,3.194e-05,-0.002978620335910481,Cash,0,,0.0,666.1141163088386
2024-05-11 16:00:00,61201.19,61132.62402902,8.087e-05,0.0011203372186064033,Cash,0,,0.0,666.1141163088386
2024-05-12 00:00:00,60978.0,60782.3,-1.785e-05,0.0032093541933155743,Cash,0,,0.0,666.1141163088386
2024-05-12 08:00:00,61049.97,60770.4,-4.45e-06,0.004579363429662614,Cash,0,,0.0,666.1141163088386
2024-05-12 16:00:00,61346.77,61371.0,0.0001,-0.0003949678198216989,Cash,0,,0.0,666.1141163088386
2024-05-13 00:00:00,61512.89,61421.4,9.775e-05,0.0014873305416149031,Cash,0,,0.0,666.1141163088386
2024-05-13 08:00:00,62767.18,62293.11678213,5.959e-05,0.007552724495030738,Cash,0,,0.0,666.1141163088386
2024-05-13 16:00:00,63178.89,62965.8,0.0001,0.00337280379569816,Cash,0,,0.0,666.1141163088386
2024-05-14 00:00:00,62815.03,62905.7,-3.055e-05,-0.0014434443476346068,Cash,0,,0.0,666.1141163088386
2024-05-14 08:00:00,61861.0,61967.15279212,0.0001,-0.0017159889448926326,Cash,0,,0.0,666.1141163088386
2024-05-14 16:00:00,61427.54,61715.5,7.398e-05,-0.0046877996416590855,Cash,0,,0.0,666.1141163088386
2024-05-15 00:00:00,61438.35,61524.1,0.0001,-0.0013957080553107302,Cash,0,,0.0,666.1141163088386
2024-05-15 08:00:00,62143.51,62150.4,-3.48e-06,-0.00011087239842100033,Cash,0,,0.0,666.1141163088386
2024-05-16 00:00:00,66083.9,66214.14348713,1.829e-05,-0.001970880761123459,Cash,0,,0.0,666.1141163088386
2024-05-16 08:00:00,66297.12,66120.23612251,8.225e-05,0.0026680476842733487,Cash,0,,0.0,666.1141163088386
2024-05-16 16:00:00,65154.99,65797.99765921,7.38e-06,-0.00986889352926002,Cash,0,,0.0,666.1141163088386
2024-05-17 00:00:00,65508.69,65212.57798304,5.177e-05,0.004520194449927232,Cash,0,,0.0,666.1141163088386
2024-05-17 08:00:00,66146.01,66393.73722429,5.86e-06,-0.0037451574825149267,Cash,0,,0.0,666.1141163088386
2024-05-17 16:00:00,66929.99,67212.6,9.38e-05,-0.004222471869486318,Cash,0,,0.0,666.1141163088386
2024-05-18 00:00:00,66891.59,67038.31718771,0.0001,-0.002193507251210493,Cash,0,,0.0,666.1141163088386
2024-05-18 08:00:00,67027.59,66883.9,0.0001,0.0021437440910526896,Cash,0,,0.0,666.1141163088386
2024-05-19 00:00:00,66906.53,66910.0,0.0001,-5.186339808687081e-05,Cash,0,,0.0,666.1141163088386
2024-05-19 08:00:00,67160.01,67319.69092421,0.0001,-0.0023776191249822464,Cash,0,,0.0,666.1141163088386
2024-05-19 16:00:00,66662.01,66876.91829862,0.0001,-0.0032238496651992386,Cash,0,,0.0,666.1141163088386
2024-05-20 00:00:00,66459.99,66240.56410623,6.59e-06,0.0033016239359952796,Cash,0,,0.0,666.1141163088386
2024-05-20 08:00:00,66762.0,66803.00473289,0.0001,-0.0006141926977921029,Cash,0,,0.0,666.1141163088386
2024-05-20 16:00:00,68190.06,67407.45769416,0.0001,0.011476779839173076,spot_gt_mark,0,ENTER SPOT_GT_MARK,0.0,665.1149451343753
2024-05-21 00:00:00,71312.32,71485.91580215,0.0001,-0.002434303107092818,spot_gt_mark,1,,0.06584692712481968,665.1149451343753
2024-05-21 16:00:00,69668.03,69861.4,0.00018815,-0.0027755916164127984,spot_gt_mark,2,,0.1238909933853482,665.1149451343753
2024-05-22 00:00:00,70120.01,70144.1,0.0001,-0.0003435538585920205,Cash,0,EXIT after 3 steps,-8.841947848237336,656.272997286138
2024-05-22 16:00:00,70229.88,70462.0,0.0001,-0.003305145900861504,Cash,0,,0.0,656.272997286138
2024-05-23 00:00:00,69499.81,69170.8,0.00015112,0.004733969776320177,Cash,0,,0.0,656.272997286138
2024-05-23 08:00:00,69687.99,69738.1,0.0001,-0.0007190622085670799,Cash,0,,0.0,656.272997286138
2024-05-23 16:00:00,67822.78,68056.2,0.0001,-0.0034416165188156287,Cash,0,,0.0,656.272997286138
2024-05-24 00:00:00,67852.0,67970.0,0.0001,-0.0017390791723162176,Cash,0,,0.0,656.272997286138
2024-05-24 08:00:00,67190.15,67142.06361752,0.0001,0.0007156760697808976,Cash,0,,0.0,656.272997286138
2024-05-25 08:00:00,68876.69,68731.6,0.0001,0.002106518184889496,Cash,0,,0.0,656.272997286138
2024-05-25 16:00:00,68936.62,68930.23389024,0.0001,9.263740752015403e-05,Cash,0,,0.0,656.272997286138
2024-05-26 00:00:00,69156.0,69288.97510124,0.0001,-0.0019228281167215256,Cash,0,,0.0,656.272997286138
2024-05-26 08:00:00,69160.33,69347.2,0.0001,-0.0027019824804189823,Cash,0,,0.0,656.272997286138
2024-05-26 16:00:00,68808.62,68826.70905465,0.0001,-0.000262889368366948,Cash,0,,0.0,656.272997286138
2024-05-27 00:00:00,68821.71,68483.44768663,0.0001,0.004915052435779506,Cash,0,,0.0,656.272997286138
2024-05-27 08:00:00,68624.0,68628.2,0.0001,-6.120307764043323e-05,Cash,0,,0.0,656.272997286138
2024-05-27 16:00:00,70161.22,70388.0,0.00024474,-0.003232269906367062,Cash,0,,0.0,656.272997286138
2024-05-28 00:00:00,69377.41,69414.5,0.0002135,-0.0005346120588819402,Cash,0,,0.0,656.272997286138
2024-05-28 08:00:00,68159.99,67639.43650311,0.0001,0.007637229654669885,Cash,0,,0.0,656.272997286138
2024-05-28 16:00:00,67713.22,68332.8,0.0001,-0.009150059619081795,Cash,0,,0.0,656.272997286138
2024-05-29 00:00:00,68496.0,68372.4,0.00025219,0.0018044849334268543,Cash,0,,0.0,656.272997286138
2024-05-29 08:00:00,67872.41,67907.9,0.00026673,-0.0005228928809215804,Cash,0,,0.0,656.272997286138
2024-05-29 16:00:00,67555.18,67343.9,0.0001,0.0031275173865275593,Cash,0,,0.0,656.272997286138
2024-05-30 00:00:00,67583.0,67581.29115714,0.0001,2.5285099211286365e-05,Cash,0,,0.0,656.272997286138
2024-05-30 08:00:00,67688.96,67572.6,0.0001,0.001719039559774601,Cash,0,,0.0,656.272997286138
2024-05-30 16:00:00,68676.0,68510.5,0.0001,0.0024098666200710584,Cash,0,,0.0,656.272997286138
2024-05-31 00:00:00,68460.0,68344.47711733,0.0001,0.001687450813175636,Cash,0,,0.0,656.272997286138
2024-05-31 16:00:00,67200.01,67168.9944684,0.0001,0.0004615405801279174,Cash,0,,0.0,656.272997286138
2024-06-01 00:00:00,67655.66,67495.0,0.0001,0.002374671978663773,Cash,0,,0.0,656.272997286138
2024-06-01 16:00:00,67700.01,67657.57059849,0.0001,0.0006268743757939913,Cash,0,,0.0,656.272997286138
2024-06-02 00:00:00,67889.0,67723.98299212,0.0001,0.002430688445550828,Cash,0,,0.0,656.272997286138
2024-06-02 08:00:00,67750.67,67693.2,0.0001,0.0008482572939869253,Cash,0,,0.0,656.272997286138
2024-06-02 16:00:00,68103.63,68129.5,0.0001,-0.0003798622775319809,Cash,0,,0.0,656.272997286138
2024-06-03 00:00:00,67823.99,67737.72835088,0.0001,0.0012718456864599442,Cash,0,,0.0,656.272997286138
2024-06-03 08:00:00,69142.55,68909.27513589,0.00010409,0.0033738250051524605,Cash,0,,0.0,656.272997286138
2024-06-03 16:00:00,69080.02,69626.36942225,0.0001,-0.007908935496110181,Cash,0,,0.0,656.272997286138
2024-06-04 00:00:00,69001.41,68812.6,0.0001,0.0027363208954715224,Cash,0,,0.0,656.272997286138
2024-06-04 08:00:00,68836.54,69008.9,0.0001,-0.002503902723756897,Cash,0,,0.0,656.272997286138
2024-06-04 16:00:00,70800.0,70483.9,0.0001,0.004464689265536805,Cash,0,,0.0,656.272997286138
2024-06-05 00:00:00,70776.0,70588.0,0.0001,0.0026562676613541315,Cash,0,,0.0,656.272997286138
2024-06-05 08:00:00,70927.57,71232.22954489,0.00012397,-0.004295361379079951,Cash,0,,0.0,656.272997286138
2024-06-05 16:00:00,71312.77,71628.4,0.0001,-0.004425995512444546,Cash,0,,0.0,656.272997286138
2024-06-06 08:00:00,70904.01,71078.91403655,0.0001,-0.002466772140955235,Cash,0,,0.0,656.272997286138
2024-06-06 16:00:00,70948.95,71317.14504355,0.00022125,-0.005189577062803662,Cash,0,,0.0,656.272997286138
2024-06-07 00:00:00,70883.05,70787.77809781,0.0001,0.0013440717095271363,Cash,0,,0.0,656.272997286138
2024-06-07 08:00:00,71117.2,71115.79363963,0.0001,1.9775249447258608e-05,Cash,0,,0.0,656.272997286138
2024-06-07 16:00:00,70873.47,71112.1,0.00035651,-0.003366986264394909,Cash,0,,0.0,656.272997286138
2024-06-08 08:00:00,69436.42,69553.12260433,0.0001,-0.0016807117119517294,Cash,0,,0.0,656.272997286138
2024-06-08 16:00:00,69387.15,69446.6,0.0001,-0.0008567868834504897,Cash,0,,0.0,656.272997286138
2024-06-09 00:00:00,69268.7,69300.4,0.0001,-0.0004576381540291227,Cash,0,,0.0,656.272997286138
2024-06-09 08:00:00,69352.15,69304.07194364,0.0001,0.0006932453624004202,Cash,0,,0.0,656.272997286138
2024-06-09 16:00:00,69622.88,69524.1,0.0001,0.0014187864678967435,Cash,0,,0.0,656.272997286138
2024-06-10 00:00:00,69559.99,69662.3,0.0001,-0.001470816772687829,Cash,0,,0.0,656.272997286138
2024-06-10 08:00:00,69387.5,69293.17791823,0.0001,0.0013593526466583426,Cash,0,,0.0,656.272997286138
2024-06-10 16:00:00,69972.17,70056.95599737,0.0001,-0.0012117102752422291,Cash,0,,0.0,656.272997286138
2024-06-11 00:00:00,69410.85,69528.2,0.0001,-0.0016906578726523485,Cash,0,,0.0,656.272997286138
2024-06-11 08:00:00,67516.74,67516.5,0.0001,3.554673996482038e-06,Cash,0,,0.0,656.272997286138
2024-06-11 16:00:00,66487.47,66207.70443542,0.0001,0.004207793808066345,Cash,0,,0.0,656.272997286138
2024-06-12 08:00:00,67393.46,67440.1,0.0001,-0.0006920552825155351,Cash,0,,0.0,656.272997286138
2024-06-12 16:00:00,69616.0,69747.6,0.0001,-0.0018903700298782725,Cash,0,,0.0,656.272997286138
2024-06-13 00:00:00,68330.02,68242.1,0.0001,0.0012866965354319851,Cash,0,,0.0,656.272997286138
2024-06-14 00:00:00,66727.73,66747.4,0.0001,-0.0002947799962623973,Cash,0,,0.0,656.272997286138
2024-06-14 08:00:00,67152.04,66868.8,0.0001,0.004217891221174974,Cash,0,,0.0,656.272997286138
2024-06-14 16:00:00,65293.4,66352.0,0.0001,-0.016212970989410852,mark_gt_spot,0,ENTER MARK_GT_SPOT,0.0,655.2885877902088
2024-06-15 00:00:00,66185.62,65991.2,0.0001,0.002937496090540487,mark_gt_spot,1,,0.06458026181728166,655.2885877902088
2024-06-15 08:00:00,66221.31,66017.56496869,0.0001,0.003076729096872261,mark_gt_spot,2,,0.06458026181728166,655.2885877902088
2024-06-15 16:00:00,66184.0,66277.6538429,0.0001,-0.0014150526245014893,Cash,0,EXIT after 3 steps,-10.46210109947509,644.8264866907338
2024-06-16 00:00:00,66161.96,66158.48817393,0.0001,5.247465567832123e-05,Cash,0,,0.0,644.8264866907338
2024-06-16 08:00:00,66272.51,66211.0,0.0001,0.0009281374735919126,Cash,0,,0.0,644.8264866907338
2024-06-16 16:00:00,66592.19,66654.22933502,0.0001,-0.000931630796644515,Cash,0,,0.0,644.8264866907338
2024-06-17 08:00:00,66194.51,66119.98820208,0.0001,0.001125800280415931,Cash,0,,0.0,644.8264866907338
2024-06-17 16:00:00,65898.0,65303.1,0.0001,0.009027588090685627,Cash,0,,0.0,644.8264866907338
2024-06-18 00:00:00,65749.99,66451.8,9.422e-05,-0.010673917973219427,mark_gt_spot,0,ENTER MARK_GT_SPOT,0.0,643.8592469606976
2024-06-18 08:00:00,65727.53,65642.0,-0.00012752,0.0013012812135188838,Cash,0,EXIT after 1 steps,-8.677524289228453,635.1817226714692
2024-06-18 16:00:00,64700.99,64620.0,4.638e-05,0.0012517582806692443,Cash,0,,0.0,635.1817226714692
2024-06-19 00:00:00,65142.54,65109.9159649,-2.181e-05,0.0005008099945135926,Cash,0,,0.0,635.1817226714692
2024-06-19 08:00:00,65183.89,65284.40664245,3.22e-05,-0.001542047313377561,Cash,0,,0.0,635.1817226714692
2024-06-19 16:00:00,64922.26,64873.7,4.7e-05,0.0007479714969873961,Cash,0,,0.0,635.1817226714692
2024-06-20 00:00:00,65098.01,64924.96018237,-4.47e-06,0.002658296584334951,Cash,0,,0.0,635.1817226714692
2024-06-20 08:00:00,65690.63,65807.64050108,0.0001,-0.0017812357878131005,Cash,0,,0.0,635.1817226714692
2024-06-20 16:00:00,64888.0,64777.46507172,0.0001,0.001703472572432524,Cash,0,,0.0,635.1817226714692
2024-06-21 08:00:00,63639.64,64132.34208102,7.49e-05,-0.007742062667544905,Cash,0,,0.0,635.1817226714692
2024-06-21 16:00:00,63657.29,63665.76340494,0.0001,-0.00013310973401474448,Cash,0,,0.0,635.1817226714692
2024-06-22 00:00:00,64056.47,64093.8,0.0001,-0.0005827670491365157,Cash,0,,0.0,635.1817226714692
2024-06-22 08:00:00,64289.15,64446.68709362,9.389e-05,-0.0024504460491388967,Cash,0,,0.0,635.1817226714692
2024-06-22 16:00:00,64321.28,64241.9,0.0001,0.0012341172314978398,Cash,0,,0.0,635.1817226714692
2024-06-23 00:00:00,64476.43,64218.0,4.16e-05,0.004008131343500258,Cash,0,,0.0,635.1817226714692
2024-06-23 08:00:00,64395.43,64362.0,0.0001,0.0005191362182067935,Cash,0,,0.0,635.1817226714692
2024-06-23 16:00:00,63927.49,64046.46597131,0.0001,-0.0018611081290693455,Cash,0,,0.0,635.1817226714692
2024-06-24 00:00:00,63080.0,63153.6,0.0001,-0.0011667723525681443,Cash,0,,0.0,635.1817226714692
2024-06-24 08:00:00,62730.92,62375.9,-1.273e-05,0.0056594100644466365,Cash,0,,0.0,635.1817226714692
2024-06-24 16:00:00,60168.01,60791.98954285,-2.308e-05,-0.010370619584227567,mark_gt_spot,0,ENTER MARK_GT_SPOT,0.0,634.228950087462
2024-06-25 00:00:00,60409.11,60237.41665585,-1.186e-05,0.002842176356347585,mark_gt_spot,1,,-0.007455932590343528,634.228950087462
2024-06-25 16:00:00,61390.01,61773.83624214,0.0001,-0.006252258993604978,mark_gt_spot,2,,0.0628662107111596,634.228950087462
2024-06-26 08:00:00,61472.48,61703.31961409,0.0001,-0.0037551700222603736,Cash,0,EXIT after 3 steps,-5.01008109636907,629.2188689910929
2024-06-26 16:00:00,61274.01,61436.86997436,0.0001,-0.002657896461485039,Cash,0,,0.0,629.2188689910929
2024-06-27 00:00:00,60982.0,60816.02572468,0.0001,0.002721692881833936,Cash,0,,0.0,629.2188689910929
2024-06-27 08:00:00,60866.0,60750.4,0.0001,0.0018992540991686418,Cash,0,,0.0,629.2188689910929
2024-06-28 08:00:00,61480.21,61289.6,0.0001,0.003100347249952474,Cash,0,,0.0,629.2188689910929
2024-06-28 16:00:00,60940.01,60998.0,0.0001,-0.0009515915734178245,Cash,0,,0.0,629.2188689910929
2024-06-29 00:00:00,60770.71,60335.3,0.0001,0.0071648002796083216,Cash,0,,0.0,629.2188689910929
2024-06-29 08:00:00,60982.03,61100.0,0.00034576,-0.001934504312171982,Cash,0,,0.0,629.2188689910929
2024-06-29 16:00:00,61009.91,61041.51398981,0.00021407,-0.0005180140375555199,Cash,0,,0.0,629.2188689910929
2024-06-30 00:00:00,61024.55,60917.9,0.00014908,0.0017476572953016687,Cash,0,,0.0,629.2188689910929
2024-06-30 08:00:00,61556.01,61445.43117312,0.00021329,0.0017963936726893516,Cash,0,,0.0,629.2188689910929
2024-07-01 00:00:00,62931.99,62719.19437318,0.00038042,0.003381358619360354,Cash,0,,0.0,629.2188689910929
2024-07-01 08:00:00,62923.91,63227.1,0.0001,-0.004818359189694268,Cash,0,,0.0,629.2188689910929
2024-07-01 16:00:00,63119.33,63042.87803762,0.0001,0.0012112289908654073,Cash,0,,0.0,629.2188689910929
2024-07-02 00:00:00,62926.65,62853.8,0.0001,0.001157697096540155,Cash,0,,0.0,629.2188689910929
2024-07-02 08:00:00,62670.01,62551.0,0.0001,0.0018989944313077664,Cash,0,,0.0,629.2188689910929
2024-07-02 16:00:00,61920.89,61862.66247533,0.0001,0.0009403534844218325,Cash,0,,0.0,629.2188689910929
2024-07-03 00:00:00,62094.02,62034.46469848,0.0001,0.0009591149279753263,Cash,0,,0.0,629.2188689910929
2024-07-03 16:00:00,60495.98,60082.0,0.0001,0.0068430993265999355,Cash,0,,0.0,629.2188689910929
2024-07-04 00:00:00,60430.01,60130.0,0.0001,0.004964586304056578,Cash,0,,0.0,629.2188689910929
2024-07-04 08:00:00,57688.46,58166.7,3.941e-05,-0.008290046224149474,Cash,0,,0.0,629.2188689910929
2024-07-04 16:00:00,58304.59,58076.4,0.0001,0.003913757047258116,Cash,0,,0.0,629.2188689910929
2024-07-05 00:00:00,57375.99,57007.7,0.0001,0.00641888706408379,Cash,0,,0.0,629.2188689910929
2024-07-05 08:00:00,54088.0,54370.9,-3.312e-05,-0.005230365330572428,Cash,0,,0.0,629.2188689910929
2024-07-05 16:00:00,56448.15,56642.40591895,4.353e-05,-0.003441315950124056,Cash,0,,0.0,629.2188689910929
2024-07-06 00:00:00,56601.1,56623.77558513,4.724e-05,-0.0004006209266251723,Cash,0,,0.0,629.2188689910929
2024-07-06 16:00:00,57852.62,57298.8,4.314e-05,0.009572945875225697,Cash,0,,0.0,629.2188689910929
2024-07-07 00:00:00,57931.79,58211.82612338,5.889e-05,-0.004833893849646273,Cash,0,,0.0,629.2188689910929
2024-07-07 08:00:00,57650.45,57343.6,8.585e-05,0.005322595053464432,Cash,0,,0.0,629.2188689910929
2024-07-07 16:00:00,57122.0,56796.0,0.0001,0.005707083085326144,Cash,0,,0.0,629.2188689910929
2024-07-08 00:00:00,55094.0,55830.1,2.409e-05,-0.013360801539187544,mark_gt_spot,0,ENTER MARK_GT_SPOT,0.0,628.2750406876063
2024-07-08 08:00:00,57792.0,55825.8,-7.82e-06,0.03402200996677736,mark_gt_spot,1,,-0.004855616625427627,628.2750406876063
2024-07-08 16:00:00,55812.0,55726.70560949,0.0001,0.0015282446518669183,Cash,0,EXIT after 2 steps,-10.138024553059335,618.1370161345469
2024-07-09 00:00:00,56531.05,56693.80843861,9.815e-05,-0.002879098099363073,Cash,0,,0.0,618.1370161345469
2024-07-09 08:00:00,57615.54,57086.2,-0.00010281,0.009187451857606537,Cash,0,,0.0,618.1370161345469
2024-07-09 16:00:00,57690.01,57446.06466744,1.39e-06,0.004228554173590962,Cash,0,,0.0,618.1370161345469
2024-07-10 08:00:00,58756.01,58964.0,-9.92e-06,-0.0035398931956066785,Cash,0,,0.0,618.1370161345469
2024-07-10 16:00:00,57696.73,57661.02002727,9.674e-05,0.00061892541795698,Cash,0,,0.0,618.1370161345469
2024-07-11 00:00:00,57628.89,57719.6400323,1.707e-05,-0.0015747315677952251,Cash,0,,0.0,618.1370161345469
2024-07-11 08:00:00,58159.09,58160.4,1.251e-05,-2.252442395513664e-05,Cash,0,,0.0,618.1370161345469
2024-07-11 16:00:00,57640.84,57367.1,4.35e-06,0.004749063337730643,Cash,0,,0.0,618.1370161345469
2024-07-12 00:00:00,57178.0,57307.4,2.344e-05,-0.00226310818846412,Cash,0,,0.0,618.1370161345469
2024-07-12 08:00:00,57323.02,57092.0,-4.91e-06,0.0040301435618708996,Cash,0,,0.0,618.1370161345469
2024-07-12 16:00:00,58116.01,58200.9,9.93e-06,-0.0014606990397310383,Cash,0,,0.0,618.1370161345469
2024-07-13 00:00:00,57835.58,57873.6,7.321e-05,-0.0006573808026131457,Cash,0,,0.0,618.1370161345469
2024-07-13 08:00:00,57949.93,58158.48916565,1.204e-05,-0.003598954574233246,Cash,0,,0.0,618.1370161345469
2024-07-13 16:00:00,58621.99,58826.52092349,0.0001,-0.003488979536348136,Cash,0,,0.0,618.1370161345469
2024-07-14 00:00:00,59753.99,59201.4,3.089e-05,0.009247750652299479,Cash,0,,0.0,618.1370161345469
2024-07-14 08:00:00,60202.0,60052.28847929,8.963e-05,0.0024868197187801005,Cash,0,,0.0,618.1370161345469
2024-07-14 16:00:00,60107.33,60081.63268013,8.246e-05,0.0004275238955049205,Cash,0,,0.0,618.1370161345469
2024-07-15 00:00:00,61211.99,60777.9503793,1.763e-05,0.007090761478265962,Cash,0,,0.0,618.1370161345469
2024-07-15 16:00:00,63411.77,63046.9,0.0001,0.005753979111448795,Cash,0,,0.0,618.1370161345469
2024-07-16 00:00:00,64611.44,64750.60243843,8.823e-05,-0.0021538358908267823,Cash,0,,0.0,618.1370161345469
2024-07-16 08:00:00,62820.67,62929.6,0.0001,-0.0017339834166047623,Cash,0,,0.0,618.1370161345469
2024-07-16 16:00:00,64500.0,64869.1,0.0001,-0.005722480620155016,Cash,0,,0.0,618.1370161345469
2024-07-17 00:00:00,65505.41,65050.0,-4.512e-05,0.006952250203456531,Cash,0,,0.0,618.1370161345469
2024-07-17 08:00:00,65179.63,65269.20699993,0.0001,-0.001374309733424427,Cash,0,,0.0,618.1370161345469
2024-07-17 16:00:00,64242.0,64729.78793284,0.0001,-0.007592975511970382,Cash,0,,0.0,618.1370161345469
2024-07-18 00:00:00,64443.54,64056.0,2.614e-05,0.006013636122410421,Cash,0,,0.0,618.1370161345469
2024-07-18 08:00:00,64936.9,64643.62950061,3.613e-05,0.004516238061718442,Cash,0,,0.0,618.1370161345469
2024-07-18 16:00:00,63904.0,63527.52472535,4.503e-05,0.005891263060997773,Cash,0,,0.0,618.1370161345469
2024-07-19 00:00:00,63600.0,63959.8,0.0001,-0.005657232704402561,Cash,0,,0.0,618.1370161345469
2024-07-19 08:00:00,63809.0,63666.8,0.0001,0.0022285257565546725,Cash,0,,0.0,618.1370161345469
2024-07-19 16:00:00,66419.43,65824.6,0.0001,0.008955662522246687,Cash,0,,0.0,618.1370161345469
2024-07-20 00:00:00,66419.88,66661.78716874,-2.095e-05,-0.003642089819192675,Cash,0,,0.0,618.1370161345469
2024-07-20 16:00:00,66804.91,66835.0,0.0001,-0.0004504159948721809,Cash,0,,0.0,618.1370161345469
2024-07-21 00:00:00,67066.02,67153.1,0.0001,-0.00129842206232011,Cash,0,,0.0,618.1370161345469
2024-07-21 08:00:00,66796.01,66719.0,0.0001,0.0011529131755024704,Cash,0,,0.0,618.1370161345469
2024-07-21 16:00:00,67554.0,67187.40433111,0.0001,0.0054267055820529375,Cash,0,,0.0,618.1370161345469
2024-07-22 00:00:00,68188.01,68177.70696297,0.0001,0.00015109748810673067,Cash,0,,0.0,618.1370161345469
2024-07-22 08:00:00,67080.48,67240.0,0.0001,-0.002378039036095211,Cash,0,,0.0,618.1370161345469
2024-07-23 00:00:00,67490.01,67542.50073992,-4.829e-05,-0.0007777556992509254,Cash,0,,0.0,618.1370161345469
2024-07-23 08:00:00,66888.0,66560.3,0.0001,0.004899234541322765,Cash,0,,0.0,618.1370161345469
2024-07-23 16:00:00,65857.99,66582.0,0.0001,-0.010993502838455816,mark_gt_spot,0,ENTER MARK_GT_SPOT,0.0,617.2098106103451
2024-07-24 00:00:00,65784.7,65926.8,0.0001,-0.0021600767351679924,mark_gt_spot,1,,0.061141541899040024,617.2098106103451
2024-07-24 08:00:00,66437.01,66047.2,0.0001,0.005867362182614746,mark_gt_spot,2,,0.061141541899040024,617.2098106103451
2024-07-24 16:00:00,66394.0,66166.85018522,0.0001,0.0034212400936831817,Cash,0,EXIT after 3 steps,-9.692285301204318,607.5175253091409
2024-07-25 00:00:00,65514.8,65354.5026042,0.0001,0.0024467356353068347,Cash,0,,0.0,607.5175253091409
2024-07-25 08:00:00,64352.01,64098.1,0.0001,0.003945642101932845,Cash,0,,0.0,607.5175253091409
2024-07-25 16:00:00,64868.0,64749.72687733,0.0001,0.0018232891821853298,Cash,0,,0.0,607.5175253091409
2024-07-26 00:00:00,66384.0,65768.85618885,0.0001,0.00926644690211501,Cash,0,,0.0,607.5175253091409
2024-07-26 08:00:00,67106.01,66867.835721,8.958e-05,0.003549224264711893,Cash,0,,0.0,607.5175253091409
2024-07-26 16:00:00,67396.0,67530.97726491,2.33e-05,-0.0020027489006766725,Cash,0,,0.0,607.5175253091409
2024-07-27 00:00:00,67872.27,67894.3,6.489e-05,-0.0003245802740942484,Cash,0,,0.0,607.5175253091409
2024-07-27 08:00:00,67986.0,68040.0,0.0001,-0.0007942811755361397,Cash,0,,0.0,607.5175253091409
2024-07-27 16:00:00,68684.01,68858.9107596,0.0001,-0.0025464552753981756,Cash,0,,0.0,607.5175253091409
2024-07-28 00:00:00,67958.0,67864.96640381,0.0001,0.0013689866710320817,Cash,0,,0.0,607.5175253091409
2024-07-28 08:00:00,67380.0,67506.7,5.988e-05,-0.0018803799346986804,Cash,0,,0.0,607.5175253091409
2024-07-29 00:00:00,68714.01,68236.44728987,0.0001,0.006950004957213101,Cash,0,,0.0,607.5175253091409
2024-07-29 08:00:00,69457.5,69521.69960821,0.0001,-0.0009243005897130481,Cash,0,,0.0,607.5175253091409
2024-07-29 16:00:00,66940.01,68057.8,0.0001,-0.016698384120349075,mark_gt_spot,0,ENTER MARK_GT_SPOT,0.0,606.6062490211772
2024-07-30 00:00:00,66610.0,66746.745055,4.466e-05,-0.002052920807686634,mark_gt_spot,1,,0.026686117637317482,606.6062490211772
2024-07-30 08:00:00,66772.01,66913.5,0.0001,-0.002119001659527776,mark_gt_spot,2,,0.05975395798772387,606.6062490211772
2024-07-30 16:00:00,66180.01,66189.17610486,0.0001,-0.00013850262125991188,Cash,0,EXIT after 3 steps,-10.722564829149697,595.8836841920274
2024-07-31 08:00:00,66312.01,66171.9,6.572e-05,0.0021128902592456567,Cash,0,,0.0,595.8836841920274
2024-07-31 16:00:00,66362.0,66330.1,0.0001,0.0004806967843041828,Cash,0,,0.0,595.8836841920274
2024-08-01 16:00:00,62908.0,62828.7,0.0001,0.0012605709925606109,Cash,0,,0.0,595.8836841920274
2024-08-02 00:00:00,64897.99,65293.05019887,0.0001,-0.006087402689513189,Cash,0,,0.0,595.8836841920274
2024-08-02 08:00:00,64598.01,64086.62333147,0.0001,0.00791644616498251,Cash,0,,0.0,595.8836841920274
2024-08-02 16:00:00,63307.38,63339.6,0.0001,-0.0005089454025739363,Cash,0,,0.0,595.8836841920274
2024-08-03 08:00:00,61629.68,61592.31669507,0.0001,0.0006062550532470224,Cash,0,,0.0,595.8836841920274
2024-08-04 00:00:00,60747.0,60658.1,5.169e-05,0.0014634467545722662,Cash,0,,0.0,595.8836841920274
2024-08-04 08:00:00,60565.41,60306.0,-4.131e-05,0.00428313785046619,Cash,0,,0.0,595.8836841920274
2024-08-04 16:00:00,58663.9,59014.1,1.297e-05,-0.0059695997027132035,Cash,0,,0.0,595.8836841920274
2024-08-05 00:00:00,56174.02,58122.7,-7.521e-05,-0.03469005778828007,mark_gt_spot,0,ENTER MARK_GT_SPOT,0.0,594.9898586657393
2024-08-05 08:00:00,52752.0,52652.56732608,-6.61e-05,0.001884908134667821,Cash,0,EXIT after 1 steps,-21.846131537889665,573.1437271278497
2024-08-05 16:00:00,54039.11,54316.05535752,9.79e-06,-0.005124905971249384,Cash,0,,0.0,573.1437271278497
2024-08-06 00:00:00,56038.0,53989.89168729,0.0001,0.03654856191709196,spot_gt_mark,0,ENTER SPOT_GT_MARK,0.0,572.284011537158
2024-08-06 08:00:00,54992.0,56016.88795046,-0.00011294,-0.0186370372137765,spot_gt_mark,1,,-0.06236503296974851,572.284011537158
2024-08-07 00:00:00,56269.99,56028.13850003,-7.044e-05,0.004298054788529343,spot_gt_mark,2,,-0.03889669667424372,572.284011537158
2024-08-07 08:00:00,57348.0,56931.02254017,-3.168e-05,0.007271002647520387,Cash,0,EXIT after 3 steps,-17.576937971279428,554.7070735658785
2024-08-07 16:00:00,56125.47,56088.46680264,7.352e-05,0.0006592942092065868,Cash,0,,0.0,554.7070735658785
2024-08-08 00:00:00,55300.0,55115.6,4.367e-05,0.0033345388788427028,Cash,0,,0.0,554.7070735658785
2024-08-08 08:00:00,57230.0,57178.8,7.945e-05,0.0008946356805870538,Cash,0,,0.0,554.7070735658785
2024-08-08 16:00:00,59568.56,59427.39384491,-3.213e-05,0.0023698097635731887,Cash,0,,0.0,554.7070735658785
2024-08-09 00:00:00,61214.0,61674.9499284,-4.14e-06,-0.0075301389943476585,Cash,0,,0.0,554.7070735658785
2024-08-09 08:00:00,61095.73,60842.12713617,0.0001,0.004150909790749778,Cash,0,,0.0,554.7070735658785
2024-08-09 16:00:00,60432.65,59803.3,6.012e-05,0.01041407252536499,spot_gt_mark,0,ENTER SPOT_GT_MARK,0.0,553.8750129555298
2024-08-10 00:00:00,60541.92,60839.7,-3.404e-05,-0.004918575426745614,spot_gt_mark,1,,-0.018685587884183494,553.8750129555298
2024-08-10 08:00:00,60733.58,60844.22775792,0.0001,-0.0018218546958700607,Cash,0,EXIT after 2 steps,-7.574460359620479,546.3005525959093
2024-08-10 16:00:00,60672.59,60516.55570195,0.0001,0.002571742825714199,Cash,0,,0.0,546.3005525959093
2024-08-11 00:00:00,61095.15,60920.24742829,4.261e-05,0.0028627897911700224,Cash,0,,0.0,546.3005525959093
2024-08-11 08:00:00,61260.42,61240.24057246,9.26e-05,0.0003294040024537088,Cash,0,,0.0,546.3005525959093
2024-08-11 16:00:00,60182.2,60114.08468188,-3.615e-05,0.0011318183469530667,Cash,0,,0.0,546.3005525959093
2024-08-12 08:00:00,58317.43,58661.3,6.486e-05,-0.005896521846041614,Cash,0,,0.0,546.3005525959093
2024-08-12 16:00:00,59608.06,60187.3,2.937e-05,-0.009717477804176235,Cash,0,,0.0,546.3005525959093
2024-08-13 00:00:00,59798.17,59342.63148427,0.0001,0.007617934056008688,Cash,0,,0.0,546.3005525959093
2024-08-13 08:00:00,59099.98,59215.2,5.766e-05,-0.001949577647911114,Cash,0,,0.0,546.3005525959093
2024-08-13 16:00:00,61157.59,59473.93145013,-6.557e-05,0.027529838076843664,spot_gt_mark,0,ENTER SPOT_GT_MARK,0.0,545.4811017670154
2024-08-14 00:00:00,60786.85,60582.08260877,6.29e-05,0.0033686132976129134,spot_gt_mark,1,,0.03341631607234002,545.4811017670154
2024-08-14 08:00:00,60896.0,60904.9,-5.49e-06,-0.00014615081450343955,Cash,0,EXIT after 2 steps,-15.937988546473,529.5431132205424
2024-08-14 16:00:00,59131.99,59422.6,-0.00011897,-0.004914598680003846,Cash,0,,0.0,529.5431132205424
2024-08-15 00:00:00,58993.99,58658.8,-7.077e-05,0.005681765210320493,Cash,0,,0.0,529.5431132205424
2024-08-15 08:00:00,58378.3,58025.4,-3.491e-05,0.006045054412341597,Cash,0,,0.0,529.5431132205424
2024-08-15 16:00:00,59538.01,59667.05497648,-3.56e-05,-0.002167438523390345,Cash,0,,0.0,529.5431132205424
2024-08-16 08:00:00,58360.0,58442.93980447,3.47e-05,-0.0014211755392391915,Cash,0,,0.0,529.5431132205424
2024-08-16 16:00:00,58563.18,58058.72855329,-5.297e-05,0.008613798750511869,Cash,0,,0.0,529.5431132205424
2024-08-17 00:00:00,59187.25,58862.6,-2.442e-05,0.005485134044916793,Cash,0,,0.0,529.5431132205424
2024-08-17 08:00:00,59279.08,59235.27365649,6.238e-05,0.000738984874765344,Cash,0,,0.0,529.5431132205424
2024-08-17 16:00:00,59610.1,59365.7,3.922e-05,0.004099976346290334,Cash,0,,0.0,529.5431132205424
2024-08-18 00:00:00,59678.93,59477.02291682,9.707e-05,0.0033832222390716145,Cash,0,,0.0,529.5431132205424
2024-08-18 08:00:00,59706.02,59552.6,0.0001,0.002569590135132073,Cash,0,,0.0,529.5431132205424
2024-08-19 00:00:00,58346.03,58396.41707786,-4.489e-05,-0.0008635905109568388,Cash,0,,0.0,529.5431132205424
2024-08-19 16:00:00,58705.99,58523.8,-7.203e-05,0.003103431183087025,Cash,0,,0.0,529.5431132205424
2024-08-20 00:00:00,60482.78,59432.68011158,-9.761e-05,0.01736196465208778,spot_gt_mark,0,ENTER SPOT_GT_MARK,0.0,528.7487985507116
2024-08-20 08:00:00,60765.13,60923.0,5.937e-05,-0.002598036077599153,spot_gt_mark,1,,0.03089313226564661,528.7487985507116
2024-08-20 16:00:00,58801.15,58796.9,-2.8e-05,7.227749797410425e-05,Cash,0,EXIT after 2 steps,-9.943470764161741,518.8053277865499
2024-08-21 00:00:00,58989.0,58988.6,-0.00012194,6.780925257276021e-06,Cash,0,,0.0,518.8053277865499
2024-08-21 08:00:00,59443.0,59700.0,4.174e-05,-0.0043234695422505595,Cash,0,,0.0,518.8053277865499
2024-08-21 16:00:00,59885.58,59493.3,4.223e-05,0.00655049178783939,Cash,0,,0.0,518.8053277865499
2024-08-22 00:00:00,60818.15,61138.6,0.0001,-0.005268986314118353,Cash,0,,0.0,518.8053277865499
2024-08-22 08:00:00,60926.81,60982.23211583,8.801e-05,-0.0009096507076277061,Cash,0,,0.0,518.8053277865499
2024-08-22 16:00:00,60329.7,60397.39364905,1.742e-05,-0.0011220617548239277,Cash,0,,0.0,518.8053277865499
2024-08-23 00:00:00,60726.16,60364.8,0.0001,0.005950647957980557,Cash,0,,0.0,518.8053277865499
2024-08-23 08:00:00,61321.4,61057.1,6.24e-06,0.004310077721643715,Cash,0,,0.0,518.8053277865499
2024-08-23 16:00:00,61731.99,61513.7,2.611e-05,0.0035360920650703287,Cash,0,,0.0,518.8053277865499
2024-08-24 00:00:00,63961.78,64068.0,-8.2e-05,-0.0016606792368817937,Cash,0,,0.0,518.8053277865499
2024-08-24 16:00:00,64298.01,63975.30375989,0.0001,0.005018914895033372,Cash,0,,0.0,518.8053277865499
2024-08-25 00:00:00,64175.99,64160.95709517,0.0001,0.00023424500081724143,Cash,0,,0.0,518.8053277865499
2024-08-25 08:00:00,63931.0,63870.6,4.816e-05,0.0009447685786238515,Cash,0,,0.0,518.8053277865499
2024-08-25 16:00:00,64033.99,64132.94932154,0.0001,-0.0015454186368833464,Cash,0,,0.0,518.8053277865499
2024-08-26 00:00:00,64111.01,64241.34536685,6.259e-05,-0.0020329638676726282,Cash,0,,0.0,518.8053277865499
2024-08-26 08:00:00,63738.0,63606.40865775,1.892e-05,0.0020645665419373313,Cash,0,,0.0,518.8053277865499
2024-08-26 16:00:00,63705.0,63516.04713961,6.767e-05,0.0029660601269916567,Cash,0,,0.0,518.8053277865499
2024-08-27 00:00:00,62722.0,62818.81615722,-1.141e-05,-0.0015435757345109685,Cash,0,,0.0,518.8053277865499
2024-08-27 08:00:00,62813.38,62886.2,5.076e-05,-0.0011593071412492005,Cash,0,,0.0,518.8053277865499
2024-08-27 16:00:00,61560.12,61679.8,3.81e-06,-0.0019441157684552967,Cash,0,,0.0,518.8053277865499
2024-08-28 00:00:00,59088.94,59387.9223253,-0.00019923,-0.005059869500112872,Cash,0,,0.0,518.8053277865499
2024-08-28 08:00:00,59223.99,58582.3,-6.87e-05,0.01083496738399414,spot_gt_mark,0,ENTER SPOT_GT_MARK,0.0,518.0271197948701
2024-08-28 16:00:00,59198.01,59000.1,-4.425e-05,0.003343186705093693,spot_gt_mark,1,,-0.022708395937424308,518.0271197948701
2024-08-29 00:00:00,59205.83,59015.7,1.765e-05,0.0032113391535935677,spot_gt_mark,2,,0.009057699170520656,518.0271197948701
2024-08-29 08:00:00,59551.97,59563.0,-7.321e-05,-0.0001852163748738931,Cash,0,EXIT after 3 steps,-6.538022546555722,511.4890972483144
2024-08-29 16:00:00,60295.0,60767.19446217,1.49e-06,-0.007831403303259014,Cash,0,,0.0,511.4890972483144
2024-08-30 00:00:00,59204.01,59339.44876073,-1.219e-05,-0.0022876619460405027,Cash,0,,0.0,511.4890972483144
2024-08-30 08:00:00,59445.0,59260.58848087,-5.516e-05,0.003102220861805041,Cash,0,,0.0,511.4890972483144
2024-08-30 16:00:00,58551.11,58052.0,4.583e-05,0.008524347360793,Cash,0,,0.0,511.4890972483144
2024-09-01 00:00:00,58930.0,58940.36071142,2.144e-05,-0.00017581387103340491,Cash,0,,0.0,511.4890972483144
2024-09-03 16:00:00,57708.0,57701.82549083,5.205e-05,0.00010699572277672957,Cash,0,,0.0,511.4890972483144
2024-09-04 00:00:00,57140.02,57451.76365082,3.903e-05,-0.005455784769063861,Cash,0,,0.0,511.4890972483144
2024-09-04 08:00:00,56783.01,56716.25903684,-7.255e-05,0.0011755446419625198,Cash,0,,0.0,511.4890972483144
2024-09-04 16:00:00,58406.07,58129.1532257,-7.864e-05,0.004741232791386235,Cash,0,,0.0,511.4890972483144
2024-09-05 08:00:00,57004.0,57126.51994465,3.227e-05,-0.0021493218835519847,Cash,0,,0.0,511.4890972483144
2024-09-05 16:00:00,56335.0,55939.2,2.351e-05,0.007025827638235607,Cash,0,,0.0,511.4890972483144
2024-09-06 00:00:00,56182.0,56138.72870203,8.074e-05,0.0007701986040012974,Cash,0,,0.0,511.4890972483144
2024-09-06 16:00:00,54074.0,53988.89259124,4.123e-05,0.0015739062906387374,Cash,0,,0.0,511.4890972483144
2024-09-07 00:00:00,53914.0,53918.61991786,-0.00013492,-8.569050450717786e-05,Cash,0,,0.0,511.4890972483144
2024-09-07 08:00:00,54370.99,54258.30902572,-8.341e-05,0.0020724466168446816,Cash,0,,0.0,511.4890972483144
2024-09-07 16:00:00,54465.97,54750.82060924,-8.497e-05,-0.005229882240966211,Cash,0,,0.0,511.4890972483144
2024-09-08 08:00:00,54480.0,54401.2,7.7e-07,0.0014464023494861033,Cash,0,,0.0,511.4890972483144
2024-09-08 16:00:00,53907.18,53653.9,2.68e-06,0.004698446477816106,Cash,0,,0.0,511.4890972483144
2024-09-09 00:00:00,55045.0,54847.3,-1.815e-05,0.0035916068671086763,Cash,0,,0.0,511.4890972483144
2024-09-09 08:00:00,55244.0,54941.69704095,-1.888e-05,0.005472141029795108,Cash,0,,0.0,511.4890972483144
2024-09-09 16:00:00,56430.11,55360.3,3.942e-05,0.01895814131852654,spot_gt_mark,0,ENTER SPOT_GT_MARK,0.0,510.72186360244194
2024-09-10 00:00:00,56982.01,57034.32564898,4.093e-05,-0.0009181081709822955,Cash,0,EXIT after 1 steps,-10.92563239712014,499.7962312053218
2024-09-10 08:00:00,57046.99,57198.0,-4.31e-06,-0.0026471160003358994,Cash,0,,0.0,499.7962312053218
2024-09-10 16:00:00,56819.6,56574.52181991,3.356e-05,0.004313268310406979,Cash,0,,0.0,499.7962312053218
2024-09-11 08:00:00,56398.0,56679.45141219,-1.003e-05,-0.004990450232100416,Cash,0,,0.0,499.7962312053218
2024-09-11 16:00:00,57312.0,56682.54588339,3.69e-06,0.010982937545540245,spot_gt_mark,0,ENTER SPOT_GT_MARK,0.0,499.04653685851383
2024-09-12 00:00:00,57626.01,57325.1,1.423e-05,0.005221773987128442,spot_gt_mark,1,,0.0070339886158698375,499.04653685851383
2024-09-12 08:00:00,58171.06,58110.0,7.317e-05,0.0010496628392193245,Cash,0,EXIT after 2 steps,-5.6811135218548205,493.36542333665903
2024-09-12 16:00:00,58065.99,57474.6,8.226e-05,0.010184791476043023,spot_gt_mark,0,ENTER SPOT_GT_MARK,0.0,492.62537520165404
2024-09-13 16:00:00,59452.31,59647.9,3.738e-05,-0.003289863758027296,spot_gt_mark,1,,0.018254171604767788,492.62537520165404
2024-09-14 00:00:00,60414.39,60515.04245234,-5.585e-05,-0.0016660344057103003,Cash,0,EXIT after 2 steps,-6.677924538022318,485.94745066363174
2024-09-14 08:00:00,59973.99,60141.9,8.186e-05,-0.0027997136758785516,Cash,0,,0.0,485.94745066363174
2024-09-14 16:00:00,59981.99,59865.5,2.002e-05,0.001942082948565027,Cash,0,,0.0,485.94745066363174
2024-09-15 00:00:00,60025.95,59983.2,0.0001,0.0007121919769699605,Cash,0,,0.0,485.94745066363174
2024-09-15 08:00:00,60069.99,60176.22156327,0.0001,-0.00176846314224465,Cash,0,,0.0,485.94745066363174
2024-09-15 16:00:00,59950.05,60325.9,8.814e-05,-0.006269385930453745,Cash,0,,0.0,485.94745066363174
2024-09-16 08:00:00,58924.98,58876.52840933,6.067e-05,0.0008222589243136526,Cash,0,,0.0,485.94745066363174
2024-09-16 16:00:00,57809.98,57844.98971928,5.36e-05,-0.0006055999202904912,Cash,0,,0.0,485.94745066363174
2024-09-17 00:00:00,57630.01,58183.9,9.174e-05,-0.009611138363501921,Cash,0,,0.0,485.94745066363174
2024-09-17 08:00:00,58792.0,58671.83447322,0.0001,0.0020439094907470663,Cash,0,,0.0,485.94745066363174
2024-09-17 16:00:00,60873.86,61115.1,5.65e-05,-0.0039629489570728385,Cash,0,,0.0,485.94745066363174
2024-09-18 00:00:00,60240.0,60294.04432266,1.163e-05,-0.0008971501105577091,Cash,0,,0.0,485.94745066363174
2024-09-18 08:00:00,60198.05,60406.8,3.234e-05,-0.0034677202999100465,Cash,0,,0.0,485.94745066363174
2024-09-19 00:00:00,62226.0,61746.89270543,0.0001,0.007699471194838168,Cash,0,,0.0,485.94745066363174
2024-09-19 08:00:00,61932.0,62080.9,0.0001,-0.0024042498223858662,Cash,0,,0.0,485.94745066363174
2024-09-19 16:00:00,63556.92,63132.58635968,9.2e-05,0.006676434923529979,Cash,0,,0.0,485.94745066363174
2024-09-20 00:00:00,62756.4,62939.9,0.0001,-0.0029240045636779676,Cash,0,,0.0,485.94745066363174
2024-09-21 08:00:00,63028.0,63065.55708582,4.339e-05,-0.0005958793840832771,Cash,0,,0.0,485.94745066363174
2024-09-21 16:00:00,63215.13,63160.1,3.77e-06,0.0008705194468475954,Cash,0,,0.0,485.94745066363174
2024-09-22 00:00:00,63230.93,63339.6,5.393e-05,-0.001718620934406599,Cash,0,,0.0,485.94745066363174
2024-09-22 08:00:00,63025.35,62924.1,4.679e-05,0.0016064964335779175,Cash,0,,0.0,485.94745066363174
2024-09-23 08:00:00,63492.01,63522.96383547,7.433e-05,-0.0004875233193908653,Cash,0,,0.0,485.94745066363174
2024-09-23 16:00:00,63227.55,63585.8,5.55e-05,-0.005666042729791048,Cash,0,,0.0,485.94745066363174
2024-09-24 00:00:00,62906.0,63307.97363161,5.755e-05,-0.00639006822258612,Cash,0,,0.0,485.94745066363174
2024-09-24 08:00:00,63851.05,63526.0,2.593e-05,0.00509075418493514,Cash,0,,0.0,485.94745066363174
2024-09-24 16:00:00,63262.0,63127.42473594,3.666e-05,0.0021272685665960087,Cash,0,,0.0,485.94745066363174
2024-09-25 00:00:00,64126.93,64235.7,0.0001,-0.0016961672732500495,Cash,0,,0.0,485.94745066363174
2024-09-25 08:00:00,63819.1,63808.52358216,5.447e-05,0.00016572496070923302,Cash,0,,0.0,485.94745066363174
2024-09-25 16:00:00,63463.88,63460.2,3.277e-05,5.798573928981794e-05,Cash,0,,0.0,485.94745066363174
2024-09-26 00:00:00,62946.01,63107.378688,5.938e-05,-0.0025636047145799236,Cash,0,,0.0,485.94745066363174
2024-09-26 16:00:00,65338.0,65215.26683887,0.0001,0.0018784346189048224,Cash,0,,0.0,485.94745066363174
2024-09-27 00:00:00,65241.98,65153.9,5.991e-05,0.0013500509947736372,Cash,0,,0.0,485.94745066363174
2024-09-27 16:00:00,66303.03,66009.87737279,0.0001,0.004421406189279763,Cash,0,,0.0,485.94745066363174
2024-09-28 00:00:00,65899.1,65756.98636408,0.0001,0.0021565337905980917,Cash,0,,0.0,485.94745066363174
2024-09-28 08:00:00,65635.9,65819.98379363,0.0001,-0.002804620545006751,Cash,0,,0.0,485.94745066363174
2024-09-28 16:00:00,65516.0,65608.5,0.0001,-0.0014118688564625434,Cash,0,,0.0,485.94745066363174
2024-09-29 00:00:00,65687.1,65850.19403546,0.0001,-0.002482892919005222,Cash,0,,0.0,485.94745066363174
2024-09-29 08:00:00,65559.91,65459.92824679,8.236e-05,0.0015250440888342584,Cash,0,,0.0,485.94745066363174
2024-09-29 16:00:00,65764.99,65736.8,0.0001,0.00042864752203265483,Cash,0,,0.0,485.94745066363174
2024-09-30 00:00:00,65463.85,65587.3,0.0001,-0.0018857735987114165,Cash,0,,0.0,485.94745066363174
2024-09-30 16:00:00,63486.98,63526.7,9.91e-05,-0.0006256400918738595,Cash,0,,0.0,485.94745066363174
2024-10-01 00:00:00,63531.99,63290.34433442,0.0001,0.003803527413197656,Cash,0,,0.0,485.94745066363174
2024-10-01 08:00:00,63956.0,64015.4,0.0001,-0.0009287635249234076,Cash,0,,0.0,485.94745066363174
2024-10-01 16:00:00,62448.0,62596.62653759,8.298e-05,-0.0023800047654047624,Cash,0,,0.0,485.94745066363174
2024-10-02 00:00:00,61046.26,60775.6,-8.817e-05,0.004433686846663554,Cash,0,,0.0,485.94745066363174
2024-10-02 08:00:00,61806.01,61697.3,-2.887e-05,0.0017588904380010798,Cash,0,,0.0,485.94745066363174
2024-10-02 16:00:00,61800.0,61858.81644009,4.283e-05,-0.0009517223315533762,Cash,0,,0.0,485.94745066363174
2024-10-03 00:00:00,60988.01,60616.0,9.38e-05,0.006099723535822894,Cash,0,,0.0,485.94745066363174
2024-10-03 08:00:00,60354.0,60910.806347,4.645e-05,-0.009225674304934187,Cash,0,,0.0,485.94745066363174
2024-10-03 16:00:00,60168.0,60604.1,8.589e-05,-0.007248038824624361,Cash,0,,0.0,485.94745066363174
2024-10-04 00:00:00,60504.01,60723.02624751,5.189e-05,-0.0036198633364962177,Cash,0,,0.0,485.94745066363174
2024-10-04 08:00:00,61449.73,61400.22833454,9.306e-05,0.0008055635958043103,Cash,0,,0.0,485.94745066363174
2024-10-04 16:00:00,62244.0,61827.12673885,7.046e-05,0.006697404748248856,Cash,0,,0.0,485.94745066363174
2024-10-05 00:00:00,62170.0,62057.4,7.8e-06,0.0018111629403248922,Cash,0,,0.0,485.94745066363174
2024-10-05 16:00:00,61958.39,62141.40351867,6.413e-05,-0.0029538133361760857,Cash,0,,0.0,485.94745066363174
2024-10-06 08:00:00,61989.81,61921.82214684,8.655e-05,0.0010967585343461617,Cash,0,,0.0,485.94745066363174
2024-10-06 16:00:00,62602.0,62695.51284501,0.0001,-0.0014937676912878488,Cash,0,,0.0,485.94745066363174
2024-10-08 00:00:00,62552.98,62189.26855676,7.718e-05,0.005814454295223103,Cash,0,,0.0,485.94745066363174
2024-10-08 08:00:00,62409.46,62275.0,8.84e-05,0.002154481067453542,Cash,0,,0.0,485.94745066363174
2024-10-09 00:00:00,62154.0,62100.27224355,0.0001,0.0008644295853846314,Cash,0,,0.0,485.94745066363174
2024-10-09 08:00:00,62149.99,62215.3,0.0001,-0.0010508448995728713,Cash,0,,0.0,485.94745066363174
2024-10-09 16:00:00,61814.01,62246.0,0.0001,-0.006988545153436865,Cash,0,,0.0,485.94745066363174
2024-10-10 00:00:00,60437.61,60554.79565283,0.0001,-0.0019389524640368425,Cash,0,,0.0,485.94745066363174
2024-10-10 16:00:00,60298.12,60699.0453598,0.0001,-0.006649052404950595,Cash,0,,0.0,485.94745066363174
2024-10-11 00:00:00,60194.01,60249.46357963,-7.79e-06,-0.0009212474734611794,Cash,0,,0.0,485.94745066363174
2024-10-11 08:00:00,60669.39,60611.3110744,-2.667e-05,0.0009573019540825928,Cash,0,,0.0,485.94745066363174
2024-10-11 16:00:00,62272.0,62240.58788137,5.817e-05,0.0005044340735804781,Cash,0,,0.0,485.94745066363174
2024-10-12 00:00:00,62840.0,62494.12930667,0.0001,0.005503989390992969,Cash,0,,0.0,485.94745066363174
2024-10-12 08:00:00,62725.58,62721.24887215,0.0001,6.904882904237988e-05,Cash,0,,0.0,485.94745066363174
2024-10-12 16:00:00,63064.06,63127.45430965,5.207e-05,-0.0010052367330933127,Cash,0,,0.0,485.94745066363174
2024-10-13 00:00:00,63190.23,63171.6,0.0001,0.00029482405745325906,Cash,0,,0.0,485.94745066363174
2024-10-13 08:00:00,62809.99,62798.4,0.0001,0.00018452478658246096,Cash,0,,0.0,485.94745066363174
2024-10-13 16:00:00,62629.1,62182.0,0.0001,0.0071388539832122535,Cash,0,,0.0,485.94745066363174
2024-10-14 00:00:00,62520.18,62825.69186567,0.0001,-0.004886612061417605,Cash,0,,0.0,485.94745066363174
2024-10-14 08:00:00,64427.99,64590.53318907,0.0001,-0.002522866056662727,Cash,0,,0.0,485.94745066363174
2024-10-14 16:00:00,65703.99,65837.92339754,0.0001,-0.0020384362888767205,Cash,0,,0.0,485.94745066363174
2024-10-15 00:00:00,65929.99,66069.3,0.0001,-0.002112998955407056,Cash,0,,0.0,485.94745066363174
2024-10-15 08:00:00,65754.0,65627.85737988,0.0001,0.0019184022283054083,Cash,0,,0.0,485.94745066363174
2024-10-15 16:00:00,66868.2,65980.6,0.0001,0.01327387308167397,spot_gt_mark,0,ENTER SPOT_GT_MARK,0.0,485.2185294876363
2024-10-16 00:00:00,66874.04,67046.0,9.656e-05,-0.002571401398808961,spot_gt_mark,1,,0.04630023475009166,485.2185294876363
2024-10-16 08:00:00,67129.82,66928.6,4.599e-05,0.0029974756375035884,spot_gt_mark,2,,0.02205206913998255,485.2185294876363
2024-10-16 16:00:00,67823.88,67714.4,0.0001,0.0016141807280858965,Cash,0,EXIT after 3 steps,-6.34557952956787,478.87294995806843
2024-10-17 00:00:00,67709.99,67579.5668375,6.725e-05,0.0019262026548816536,Cash,0,,0.0,478.87294995806843
2024-10-17 08:00:00,67450.0,67232.65417535,3.823e-05,0.003222325050407621,Cash,0,,0.0,478.87294995806843
2024-10-17 16:00:00,67384.42,67554.6,0.0001,-0.0025255096059297916,Cash,0,,0.0,478.87294995806843
2024-10-18 16:00:00,68787.88,68704.32105917,0.0001,0.001214733479647871,Cash,0,,0.0,478.87294995806843
2024-10-19 16:00:00,68042.0,68189.91080897,0.0001,-0.0021738163041944993,Cash,0,,0.0,478.87294995806843
2024-10-20 00:00:00,68231.24,68356.0,0.0001,-0.0018284879477493705,Cash,0,,0.0,478.87294995806843
2024-10-20 08:00:00,68394.0,68356.92058635,0.0001,0.0005421442473024597,Cash,0,,0.0,478.87294995806843
2024-10-20 16:00:00,68505.47,68598.7,0.0001,-0.0013609132234257487,Cash,0,,0.0,478.87294995806843
2024-10-21 00:00:00,69160.0,69027.5,0.0001,0.0019158473105841526,Cash,0,,0.0,478.87294995806843
2024-10-21 08:00:00,68301.46,68480.16551585,0.0001,-0.0026164230728010886,Cash,0,,0.0,478.87294995806843
2024-10-21 16:00:00,67327.0,67302.91700355,0.0001,0.0003577019093380188,Cash,0,,0.0,478.87294995806843
2024-10-22 00:00:00,67149.73,67333.86807188,0.0001,-0.0027422012252321265,Cash,0,,0.0,478.87294995806843
2024-10-22 08:00:00,66934.07,67324.0,0.0001,-0.005825583294127983,Cash,0,,0.0,478.87294995806843
2024-10-22 16:00:00,66966.07,67239.76137347,0.0001,-0.00408701561059193,Cash,0,,0.0,478.87294995806843
2024-10-23 00:00:00,67179.13,67368.0,0.0001,-0.0028114386119617108,Cash,0,,0.0,478.87294995806843
2024-10-23 16:00:00,65878.02,66154.58306357,0.0001,-0.004198108315489638,Cash,0,,0.0,478.87294995806843
2024-10-24 00:00:00,67432.01,66610.0,0.0001,0.01219020462240403,spot_gt_mark,0,ENTER SPOT_GT_MARK,0.0,478.1546405331313
2024-10-24 08:00:00,66852.87,67057.00859482,0.0001,-0.0030535502039030498,spot_gt_mark,1,,0.047303539070994535,478.1546405331313
2024-10-24 16:00:00,67574.14,67650.7,0.0001,-0.0011329777929840865,Cash,0,EXIT after 2 steps,-7.054182908872998,471.10045762425835
2024-10-25 08:00:00,67658.5,67470.4,0.0001,0.0027801384896207547,Cash,0,,0.0,471.10045762425835
2024-10-25 16:00:00,67670.0,67653.38306103,0.0001,0.0002455584301757573,Cash,0,,0.0,471.10045762425835
2024-10-26 00:00:00,66736.0,66589.1,0.0001,0.00220121074082945,Cash,0,,0.0,471.10045762425835
2024-10-26 08:00:00,67134.65,66945.00219297,0.0001,0.0028248871042001814,Cash,0,,0.0,471.10045762425835
2024-10-26 16:00:00,66979.99,66806.73555732,0.0001,0.0025866597274798245,Cash,0,,0.0,471.10045762425835
2024-10-27 00:00:00,67014.85,67041.75603658,0.0001,-0.00040149364775114764,Cash,0,,0.0,471.10045762425835
2024-10-27 08:00:00,67226.0,67144.83121886,0.0001,0.001207401617528996,Cash,0,,0.0,471.10045762425835
2024-10-27 16:00:00,67828.0,67728.00938927,0.0001,0.0014741789634075137,Cash,0,,0.0,471.10045762425835
2024-10-28 00:00:00,67859.91,67965.8,0.0001,-0.0015604205782176754,Cash,0,,0.0,471.10045762425835
2024-10-28 08:00:00,68328.0,68364.7258641,0.0001,-0.0005374936204776005,Cash,0,,0.0,471.10045762425835
2024-10-28 16:00:00,68709.27,68429.55067796,0.0001,0.0040710565261427994,Cash,0,,0.0,471.10045762425835
2024-10-29 00:00:00,69960.88,69935.7,0.0001,0.0003599154270216093,Cash,0,,0.0,471.10045762425835
2024-10-29 08:00:00,71134.01,70964.9,0.0001,0.00237734383313974,Cash,0,,0.0,471.10045762425835
2024-10-29 16:00:00,72739.44,72389.66240734,0.0001,0.004808637414035641,Cash,0,,0.0,471.10045762425835
2024-10-30 00:00:00,72289.99,72739.9,0.0001,-0.006223683251304764,Cash,0,,0.0,471.10045762425835
2024-10-30 08:00:00,72241.35,72228.29315254,0.0001,0.0001807392505815634,Cash,0,,0.0,471.10045762425835
2024-10-31 16:00:00,70403.58,70581.11873575,0.0001,-0.0025217288062624136,Cash,0,,0.0,471.10045762425835
2024-11-01 00:00:00,70173.73,70211.70524108,0.0001,-0.0005411603612918859,Cash,0,,0.0,471.10045762425835
2024-11-01 08:00:00,69376.1,69192.22232911,0.0001,0.002650446924661538,Cash,0,,0.0,471.10045762425835
2024-11-01 16:00:00,69920.73,69344.0,0.0001,0.008248340656626382,Cash,0,,0.0,471.10045762425835
2024-11-02 00:00:00,69665.99,69455.88844404,0.0001,0.0030158411006576593,Cash,0,,0.0,471.10045762425835
2024-11-02 08:00:00,69630.95,69776.46544271,0.0001,-0.0020898098146012087,Cash,0,,0.0,471.10045762425835
2024-11-02 16:00:00,69587.98,69353.23370165,0.0001,0.003373374228566498,Cash,0,,0.0,471.10045762425835
2024-11-03 08:00:00,68480.01,68343.3,0.0001,0.0019963490075423744,Cash,0,,0.0,471.10045762425835
2024-11-03 16:00:00,68152.01,68041.0,0.0001,0.0016288587820079668,Cash,0,,0.0,471.10045762425835
2024-11-04 00:00:00,68712.0,68728.46558848,0.0001,-0.00023963191989756253,Cash,0,,0.0,471.10045762425835
2024-11-04 08:00:00,68699.99,68528.3,0.0001,0.002499127001328564,Cash,0,,0.0,471.10045762425835
2024-11-04 16:00:00,67756.0,68588.55284143,0.0001,-0.012287514632357372,mark_gt_spot,0,ENTER MARK_GT_SPOT,0.0,470.393806937822
2024-11-05 00:00:00,68030.0,67778.37888425,-6e-08,0.003698678755695912,mark_gt_spot,1,,-2.7922924118767933e-05,470.393806937822
2024-11-05 08:00:00,69038.01,68834.6,6.003e-05,0.0029463479610722983,mark_gt_spot,2,,0.02793688558082732,470.393806937822
2024-11-05 16:00:00,70191.98,69573.9,0.0001,0.00880556439638833,Cash,0,EXIT after 3 steps,-10.637119526194072,459.7566874116279
2024-11-06 00:00:00,71096.04,69337.51940899,-4.231e-05,0.024734437966024415,spot_gt_mark,0,ENTER SPOT_GT_MARK,0.0,459.06705238051046
2024-11-06 08:00:00,73456.04,73419.06390462,0.0001,0.0005033771951224108,Cash,0,EXIT after 1 steps,-11.80021931101514,447.2668330694953
2024-11-06 16:00:00,74333.99,74348.29957474,0.0001,-0.00019250378918167808,Cash,0,,0.0,447.2668330694953
2024-11-07 00:00:00,75349.08,75622.4,0.0001,-0.00362738337349298,Cash,0,,0.0,447.2668330694953
2024-11-07 08:00:00,75150.0,74834.07910571,0.0001,0.004203870848835668,Cash,0,,0.0,447.2668330694953
2024-11-08 08:00:00,75802.0,76264.31666294,0.0001,-0.006099003495158346,Cash,0,,0.0,447.2668330694953
2024-11-08 16:00:00,75919.3,76498.70979898,0.0001,-0.007631917035325563,Cash,0,,0.0,447.2668330694953
2024-11-09 08:00:00,76539.99,76561.9,0.0001,-0.0002862555900515396,Cash,0,,0.0,447.2668330694953
2024-11-09 16:00:00,76087.18,76324.18786007,0.0001,-0.003114951297577426,Cash,0,,0.0,447.2668330694953
2024-11-10 00:00:00,76884.01,76712.2267657,0.0001,0.002234316788367178,Cash,0,,0.0,447.2668330694953
2024-11-10 08:00:00,79130.1,78881.48940366,0.00014494,0.00314179555365157,Cash,0,,0.0,447.2668330694953
2024-11-10 16:00:00,79775.99,79791.6,0.0001,-0.00019567290860320982,Cash,0,,0.0,447.2668330694953
2024-11-11 00:00:00,80579.99,80449.840132,0.00017488,0.0016151636156818546,Cash,0,,0.0,447.2668330694953
2024-11-11 08:00:00,81239.53,81204.6,0.0001,0.0004299630980138981,Cash,0,,0.0,447.2668330694953
2024-11-11 16:00:00,84200.0,84195.89865989,0.0001,4.87095024941363e-05,Cash,0,,0.0,447.2668330694953
2024-11-12 08:00:00,89280.01,89179.44809773,0.00021856,0.0011263652666481279,Cash,0,,0.0,447.2668330694953
2024-11-12 16:00:00,87030.31,86683.2,0.0002593,0.003988380599816324,Cash,0,,0.0,447.2668330694953
2024-11-13 00:00:00,88040.0,88019.21516354,0.0001,0.0002360840124943977,Cash,0,,0.0,447.2668330694953
2024-11-13 16:00:00,92256.0,92778.91672544,0.0001,-0.005668105331252108,Cash,0,,0.0,447.2668330694953
2024-11-14 08:00:00,90558.28,90901.1,0.0001,-0.003785628437289301,Cash,0,,0.0,447.2668330694953
2024-11-14 16:00:00,89198.31,87985.18420704,0.0001,0.013600322617771526,spot_gt_mark,0,ENTER SPOT_GT_MARK,0.0,446.59593281989106
2024-11-15 08:00:00,88082.96,87695.3,0.0001,0.004401078256225761,spot_gt_mark,1,,0.044118385984352124,446.59593281989106
2024-11-15 16:00:00,89375.99,88446.42036816,0.0001,0.010400663890156635,spot_gt_mark,2,,0.044118385984352124,446.59593281989106
2024-11-16 00:00:00,91000.0,91060.17789099,0.0001,-0.0006612955053846395,Cash,0,EXIT after 3 steps,-7.025282543821004,439.57065027607007
2024-11-16 16:00:00,90612.65,90550.4,0.0001,0.0006869901719020468,Cash,0,,0.0,439.57065027607007
2024-11-17 00:00:00,90808.0,90600.48865887,0.0001,0.0022851658568628004,Cash,0,,0.0,439.57065027607007
2024-11-17 08:00:00,90985.11,90593.6,0.0001,0.004303011778520625,Cash,0,,0.0,439.57065027607007
2024-11-17 16:00:00,90446.92,90312.0,0.00014277,0.0014917036423130635,Cash,0,,0.0,439.57065027607007
2024-11-18 08:00:00,91810.61,91798.89049061,0.00033383,0.00012764874767735035,Cash,0,,0.0,439.57065027607007
2024-11-19 00:00:00,91042.94,90577.65254761,0.0001,0.005110637380449219,Cash,0,,0.0,439.57065027607007
2024-11-19 08:00:00,91780.99,91743.27032999,0.00035448,0.0004109747564283522,Cash,0,,0.0,439.57065027607007
2024-11-20 00:00:00,92044.19,92431.90081101,0.0001,-0.0042122247043511855,Cash,0,,0.0,439.57065027607007
2024-11-20 16:00:00,94048.0,94858.5431719,0.0001,-0.008618398816561802,Cash,0,,0.0,439.57065027607007
2024-11-21 00:00:00,94709.61,94359.36024126,0.0001,0.003698143818140518,Cash,0,,0.0,439.57065027607007
2024-11-21 08:00:00,97107.99,97041.8,0.0001,0.0006816122957544722,Cash,0,,0.0,439.57065027607007
2024-11-21 16:00:00,97147.99,96718.87548633,0.0001,0.004417121894853481,Cash,0,,0.0,439.57065027607007
2024-11-22 00:00:00,97987.57,98455.1,0.0001,-0.004771319464295306,Cash,0,,0.0,439.57065027607007
2024-11-22 16:00:00,98865.3,98801.0,0.0001,0.0006503798602745646,Cash,0,,0.0,439.57065027607007
2024-11-23 00:00:00,98634.89,98996.05324002,0.0001,-0.0036616175069491465,Cash,0,,0.0,439.57065027607007
2024-11-23 08:00:00,98451.98,98704.72218524,0.0001,-0.002567162034120596,Cash,0,,0.0,439.57065027607007
2024-11-23 16:00:00,97708.85,98604.63052169,0.0001,-0.009167854515634836,Cash,0,,0.0,439.57065027607007
2024-11-24 08:00:00,98067.75,98548.66393643,0.0001,-0.004903894872983283,Cash,0,,0.0,439.57065027607007
2024-11-24 16:00:00,96404.0,96041.23042292,0.00018429,0.003763013745072876,Cash,0,,0.0,439.57065027607007
2024-11-25 00:00:00,97714.28,98066.9,0.00024579,-0.003608684421560445,Cash,0,,0.0,439.57065027607007
2024-11-25 08:00:00,98217.77,98205.72221182,0.0001,0.00012266403706786874,Cash,0,,0.0,439.57065027607007
2024-11-25 16:00:00,95912.0,96065.14903652,0.00037758,-0.0015967661660689033,Cash,0,,0.0,439.57065027607007
2024-11-26 00:00:00,93836.5,93032.7,0.00011425,0.008565963138011359,Cash,0,,0.0,439.57065027607007
2024-11-26 08:00:00,93142.85,93811.83237149,0.0001,-0.007182326625071034,Cash,0,,0.0,439.57065027607007
2024-11-26 16:00:00,94029.43,92847.3,0.000224,0.012571914984489327,spot_gt_mark,0,ENTER SPOT_GT_MARK,0.0,438.911294300656
2024-11-27 00:00:00,91939.33,91995.06038553,0.0004024,-0.0006061647994389112,Cash,0,EXIT after 1 steps,-6.257010002300215,432.6542842983558
2024-11-27 08:00:00,93433.21,93641.1,0.00029796,-0.002225011856062736,Cash,0,,0.0,432.6542842983558
2024-11-27 16:00:00,95689.19,95692.3,0.00014736,-3.250105889704555e-05,Cash,0,,0.0,432.6542842983558
2024-11-28 00:00:00,96552.01,95966.6,0.0001,0.006063157048724195,Cash,0,,0.0,432.6542842983558
2024-11-28 08:00:00,95456.01,95395.10825346,0.0001,0.0006380085082122714,Cash,0,,0.0,432.6542842983558
2024-11-28 16:00:00,94972.0,95082.88445469,0.0001,-0.0011675489058881276,Cash,0,,0.0,432.6542842983558
2024-11-29 00:00:00,95476.01,95714.67067278,0.00015421,-0.0024996925696833157,Cash,0,,0.0,432.6542842983558
2024-11-29 08:00:00,95979.99,95686.42669002,0.0001858,0.0030585886702009803,Cash,0,,0.0,432.6542842983558
2024-11-29 16:00:00,97779.99,98169.8,0.0001,-0.003986602984925624,Cash,0,,0.0,432.6542842983558
2024-11-30 00:00:00,96968.06,97555.44737077,0.0001,-0.006057534519820205,Cash,0,,0.0,432.6542842983558
2024-11-30 08:00:00,96953.49,96879.7,0.00019026,0.0007610865787297409,Cash,0,,0.0,432.6542842983558
2024-11-30 16:00:00,96871.31,96727.87658446,0.0001,0.0014806593979166717,Cash,0,,0.0,432.6542842983558
2024-12-01 00:00:00,96340.6,96514.98645313,0.0001,-0.001810103457213173,Cash,0,,0.0,432.6542842983558
2024-12-01 08:00:00,97048.01,96580.25309261,0.00015991,0.00481985058106801,Cash,0,,0.0,432.6542842983558
2024-12-02 00:00:00,97436.75,97326.1,0.0001239,0.0011356084844783326,Cash,0,,0.0,432.6542842983558
2024-12-02 08:00:00,95053.66,96101.35800556,0.00012554,-0.011022174270406838,mark_gt_spot,0,ENTER MARK_GT_SPOT,0.0,432.00530287190827
2024-12-02 16:00:00,96167.46,97152.4,0.00018086,-0.010241925907162233,mark_gt_spot,1,,0.07739677313672054,432.00530287190827
2024-12-03 08:00:00,95528.0,95611.8,0.00014709,-0.0008772297127544062,Cash,0,EXIT after 2 steps,-4.921975822472659,427.08332704943564
2024-12-03 16:00:00,95112.0,95750.5,0.0001,-0.00671313819497014,Cash,0,,0.0,427.08332704943564
2024-12-04 00:00:00,95746.42,95936.66080393,0.0001,-0.0019869234163533865,Cash,0,,0.0,427.08332704943564
2024-12-04 08:00:00,96687.53,96729.0,0.00012502,-0.0004289074299447009,Cash,0,,0.0,427.08332704943564
2024-12-04 16:00:00,94847.81,95896.4,0.00027238,-0.011055500385301427,mark_gt_spot,0,ENTER MARK_GT_SPOT,0.0,426.44270205886147
2024-12-05 00:00:00,98296.01,98774.40800394,0.0001,-0.0048669117285636,mark_gt_spot,1,,0.04224133362477918,426.44270205886147
2024-12-05 16:00:00,101037.51,101434.9,0.00041965,-0.003933093758941599,mark_gt_spot,2,,0.1772657565563858,426.44270205886147
2024-12-06 00:00:00,97551.99,97064.40026294,0.0001,0.004998255156660562,Cash,0,EXIT after 3 steps,-7.449330973973798,418.99337108488766
2024-12-06 08:00:00,98345.38,98259.22397074,0.0001,0.0008760556851781374,Cash,0,,0.0,418.99337108488766
2024-12-06 16:00:00,99004.07,99448.67503671,0.0001,-0.004490775346003412,Cash,0,,0.0,418.99337108488766
2024-12-07 00:00:00,100272.01,99884.1,0.0001,0.003868577083475129,Cash,0,,0.0,418.99337108488766
2024-12-07 08:00:00,99414.76,99558.8,0.0001,-0.0014488794219289787,Cash,0,,0.0,418.99337108488766
2024-12-07 16:00:00,99621.56,99888.0,0.0001,-0.002674521459009499,Cash,0,,0.0,418.99337108488766
2024-12-08 00:00:00,99978.38,99968.1,0.0001,0.00010282223016615027,Cash,0,,0.0,418.99337108488766
2024-12-08 08:00:00,98980.01,99770.5,0.0001,-0.00798636007412007,Cash,0,,0.0,418.99337108488766
2024-12-09 00:00:00,99656.36,101251.9,0.0001,-0.016010418201106217,mark_gt_spot,0,ENTER MARK_GT_SPOT,0.0,418.3648810282603
2024-12-09 08:00:00,98901.15,99653.07746306,0.0001,-0.007602818198372942,mark_gt_spot,1,,0.04123908215692659,418.3648810282603
2024-12-10 08:00:00,97385.72,97207.0,0.0001,0.0018351766562900718,Cash,0,EXIT after 2 steps,-7.904814013015648,410.46006701524465
2024-12-10 16:00:00,96319.77,95713.65866457,0.0001,0.006292699156466042,Cash,0,,0.0,410.46006701524465
2024-12-11 00:00:00,96412.61,96628.14340719,0.0001,-0.0022355312981362056,Cash,0,,0.0,410.46006701524465
2024-12-11 08:00:00,98109.9,97359.838789,0.0001,0.007645112379076861,Cash,0,,0.0,410.46006701524465
2024-12-12 08:00:00,100980.0,100531.75953372,0.0001,0.004438903409387961,Cash,0,,0.0,410.46006701524465
2024-12-12 16:00:00,101462.49,101834.5,0.0001,-0.0036664781240830454,Cash,0,,0.0,410.46006701524465
2024-12-13 00:00:00,100083.21,100043.88592,0.0001,0.00039291385638016383,Cash,0,,0.0,410.46006701524465
2024-12-13 08:00:00,100272.0,100130.03714376,0.0001,0.0014157776471996472,Cash,0,,0.0,410.46006701524465
2024-12-13 16:00:00,100988.01,99897.87228323,0.0001,0.010794724213003084,spot_gt_mark,0,ENTER SPOT_GT_MARK,0.0,409.8443769147218
2024-12-14 00:00:00,101301.07,101404.112369,0.0001,-0.0010171893445941682,Cash,0,EXIT after 1 steps,-5.42692302072133,404.41745389400046
2024-12-14 08:00:00,101803.03,101841.9,0.0001,-0.00038181574752731173,Cash,0,,0.0,404.41745389400046
2024-12-14 16:00:00,101650.76,101632.8,0.0001,0.0001766833814129068,Cash,0,,0.0,404.41745389400046
2024-12-15 00:00:00,101442.42,101383.8,0.0001,0.0005778647630842733,Cash,0,,0.0,404.41745389400046
2024-12-15 08:00:00,102015.15,101705.6832661,0.0001,0.0030335370177860905,Cash,0,,0.0,404.41745389400046
2024-12-15 16:00:00,103127.08,102689.82887502,0.0001,0.00423992539088667,Cash,0,,0.0,404.41745389400046
2024-12-16 00:00:00,105444.95,104478.15121084,0.00017118,0.009168753829936772,Cash,0,,0.0,404.41745389400046
2024-12-16 08:00:00,104535.44,105008.1,0.0001,-0.00452152877531298,Cash,0,,0.0,404.41745389400046
2024-12-17 00:00:00,105856.51,106113.98050151,0.0001,-0.002432259494574348,Cash,0,,0.0,404.41745389400046
2024-12-17 16:00:00,107075.72,106528.48886763,0.0001,0.005110692997161241,Cash,0,,0.0,404.41745389400046
2024-12-18 00:00:00,106098.93,106171.2,0.0001,-0.0006811567279708106,Cash,0,,0.0,404.41745389400046
2024-12-18 08:00:00,103805.43,104254.45358495,0.0001,-0.004325627136749998,Cash,0,,0.0,404.41745389400046
2024-12-18 16:00:00,104199.62,104416.2,0.0001,-0.0020785104590592724,Cash,0,,0.0,404.41745389400046
2024-12-19 08:00:00,101640.4,101654.8157913,0.0001,-0.00014183131215549137,Cash,0,,0.0,404.41745389400046
2024-12-19 16:00:00,100716.3,100656.6,0.0001,0.0005927541023647323,Cash,0,,0.0,404.41745389400046
2024-12-20 00:00:00,97248.22,97374.25452319,0.0001,-0.0012960085355803856,Cash,0,,0.0,404.41745389400046
2024-12-20 08:00:00,95473.74,97696.1774627,0.0001,-0.023277997307950778,mark_gt_spot,0,ENTER MARK_GT_SPOT,0.0,403.8108277131595
2024-12-20 16:00:00,96727.99,96920.13345466,0.0001,-0.001986430759700394,Cash,0,EXIT after 1 steps,-8.966177001315435,394.84465071184405
2024-12-21 00:00:00,97525.77,97749.2,0.0001,-0.0022909842188376774,Cash,0,,0.0,394.84465071184405
2024-12-21 08:00:00,98650.0,98944.66704711,0.0001,-0.0029869949022807226,Cash,0,,0.0,394.84465071184405
2024-12-22 00:00:00,97253.01,97209.5,0.0001,0.00044738975174130616,Cash,0,,0.0,394.84465071184405
2024-12-22 08:00:00,96534.5,96100.0,0.0001,0.004500981514380869,Cash,0,,0.0,394.84465071184405
2024-12-22 16:00:00,95715.09,95265.4,0.0001,0.0046982142523190685,Cash,0,,0.0,394.84465071184405
2024-12-23 00:00:00,94390.84,95090.54908308,0.0001,-0.0074128917920425405,Cash,0,,0.0,394.84465071184405
2024-12-23 08:00:00,95503.87,95301.15526872,0.0001,0.002122581328693732,Cash,0,,0.0,394.84465071184405
2024-12-23 16:00:00,93980.61,93120.0,0.0001,0.009157314471570258,Cash,0,,0.0,394.84465071184405
2024-12-24 00:00:00,94550.22,94761.34661893,0.0001,-0.002232957458269194,Cash,0,,0.0,394.84465071184405
2024-12-24 08:00:00,94495.77,94072.08071048,0.0001,0.004483685243477035,Cash,0,,0.0,394.84465071184405
2024-12-24 16:00:00,98496.23,98226.69592012,0.0001,0.0027364913345414594,Cash,0,,0.0,394.84465071184405
2024-12-25 08:00:00,98069.71,97988.0,0.0001,0.0008331828451415467,Cash,0,,0.0,394.84465071184405
2024-12-25 16:00:00,98425.51,98427.46305231,0.0001,-1.9842948337388518e-05,Cash,0,,0.0,394.84465071184405
2024-12-26 00:00:00,99028.66,99367.88159839,0.0001,-0.0034254891300154423,Cash,0,,0.0,394.84465071184405
2024-12-26 16:00:00,96519.47,95928.0,0.0001,0.006127986405229962,Cash,0,,0.0,394.84465071184405
2024-12-27 00:00:00,95794.56,95656.27105351,0.0001,0.0014435991614763163,Cash,0,,0.0,394.84465071184405
2024-12-27 16:00:00,94165.92,94434.7,0.0001,-0.002854323517467878,Cash,0,,0.0,394.84465071184405
2024-12-28 00:00:00,94398.75,94146.32448866,0.0001,0.002674034469100486,Cash,0,,0.0,394.84465071184405
2024-12-28 08:00:00,94488.01,94177.60032215,0.0001,0.0032851753132486887,Cash,0,,0.0,394.84465071184405
2024-12-29 00:00:00,95148.49,95128.36952872,0.0001,0.0002114639053127375,Cash,0,,0.0,394.84465071184405
2024-12-29 08:00:00,95123.33,95100.32526674,0.0001,0.00024184112625165588,Cash,0,,0.0,394.84465071184405
2024-12-29 16:00:00,93900.01,94313.5,0.0001,-0.004403513908039044,Cash,0,,0.0,394.84465071184405
2024-12-30 00:00:00,93583.96,93515.9,-3.543e-05,0.0007272613811171511,Cash,0,,0.0,394.84465071184405
2024-12-30 08:00:00,93851.11,93562.05861403,0.0001,0.0030798930984407154,Cash,0,,0.0,394.84465071184405
2024-12-30 16:00:00,92120.6,91932.69778929,0.0001,0.002039741498752751,Cash,0,,0.0,394.84465071184405
2024-12-31 00:00:00,92450.0,92640.0,0.0001,-0.002055164954029205,Cash,0,,0.0,394.84465071184405
2024-12-31 16:00:00,94868.42,95323.9,0.0001,-0.004801176197516475,Cash,0,,0.0,394.84465071184405
