fundingTime,symbol,fundingRate,markPrice,spotPrice
2023-01-01 00:00:00.005000,BTCUSD_PERP,-0.00001609,,16529.67
2023-01-01 08:00:00.000000,BTCUSD_PERP,0.00004835,,16513.34
2023-01-01 16:00:00.001000,BTCUSD_PERP,0.00002873,,16565.14
2023-01-02 00:00:00.015000,BTCUSD_PERP,0.00003540,,16588.35
2023-01-02 08:00:00.011000,BTCUSD_PERP,0.00010000,,16733.71
2023-01-02 16:00:00.013000,BTCUSD_PERP,0.00010000,,16710.88
2023-01-03 00:00:00.010000,BTCUSD_PERP,0.00003485,,16695.59
2023-01-03 08:00:00.026000,BTCUSD_PERP,0.00006691,,16715.22
2023-01-03 16:00:00.009000,BTCUSD_PERP,0.00004216,,16622.58
2023-01-04 00:00:00.016000,BTCUSD_PERP,0.00005027,,16660.53
2023-01-04 08:00:00.000000,BTCUSD_PERP,0.00010000,,16864.95
2023-01-04 16:00:00.000000,BTCUSD_PERP,0.00010000,,16858.85
2023-01-05 00:00:00.009000,BTCUSD_PERP,0.00010000,,16828.45
2023-01-05 08:00:00.008000,BTCUSD_PERP,0.00006389,,16807.53
2023-01-05 16:00:00.000000,BTCUSD_PERP,0.00010000,,16838.28
2023-01-06 00:00:00.000000,BTCUSD_PERP,0.00001276,,16859.78
2023-01-06 08:00:00.000000,BTCUSD_PERP,0.00003541,,16802.11
2023-01-06 16:00:00.002000,BTCUSD_PERP,0.00009198,,16827.21
2023-01-07 00:00:00.004000,BTCUSD_PERP,-0.00002090,,16978.18
2023-01-07 08:00:00.011000,BTCUSD_PERP,-0.00003004,,16929.76
2023-01-07 16:00:00.013000,BTCUSD_PERP,0.00005953,,16922.79
2023-01-08 00:00:00.014000,BTCUSD_PERP,-0.00002737,,16926.66
2023-01-08 08:00:00.006000,BTCUSD_PERP,0.00004412,,16946.07
2023-01-08 16:00:00.008000,BTCUSD_PERP,0.00000462,,16936.87
2023-01-09 00:00:00.004000,BTCUSD_PERP,-0.00002825,,17184.51
2023-01-09 08:00:00.005000,BTCUSD_PERP,0.00004593,,17191.68
2023-01-09 16:00:00.000000,BTCUSD_PERP,0.00004831,,17327.84
2023-01-10 00:00:00.012000,BTCUSD_PERP,0.00005163,,17219.19
2023-01-10 08:00:00.021000,BTCUSD_PERP,0.00003725,,17256.34
2023-01-10 16:00:00.000000,BTCUSD_PERP,0.00000279,,17302.15
2023-01-11 00:00:00.014000,BTCUSD_PERP,-0.00001836,,17466.02
2023-01-11 08:00:00.005000,BTCUSD_PERP,0.00002866,,17447.6
2023-01-11 16:00:00.005000,BTCUSD_PERP,0.00010000,,17347.62
2023-01-12 00:00:00.014000,BTCUSD_PERP,0.00010000,,18264.1
2023-01-12 08:00:00.000000,BTCUSD_PERP,0.00010000,,18151.52
2023-01-12 16:00:00.010000,BTCUSD_PERP,0.00010000,,18134.55
2023-01-13 00:00:00.000000,BTCUSD_PERP,0.00008235,,18771.61
2023-01-13 08:00:00.000000,BTCUSD_PERP,0.00008900,,18842.15
2023-01-13 16:00:00.014000,BTCUSD_PERP,0.00009957,,19133.39
2023-01-14 00:00:00.001000,BTCUSD_PERP,-0.00000440,,20891.67
2023-01-14 08:00:00.010000,BTCUSD_PERP,0.00021478,,21003.35
2023-01-14 16:00:00.002000,BTCUSD_PERP,0.00010000,,20810.66
2023-01-15 00:00:00.014000,BTCUSD_PERP,0.00010000,,20767.05
2023-01-15 08:00:00.002000,BTCUSD_PERP,0.00010000,,20617.71
2023-01-15 16:00:00.000000,BTCUSD_PERP,0.00010000,,20869.2
2023-01-16 00:00:00.006000,BTCUSD_PERP,0.00010000,,20966.58
2023-01-16 08:00:00.021000,BTCUSD_PERP,0.00010000,,20747.7
2023-01-16 16:00:00.000000,BTCUSD_PERP,0.00010000,,20998.5
2023-01-17 00:00:00.013000,BTCUSD_PERP,0.00010000,,21109.52
2023-01-17 08:00:00.011000,BTCUSD_PERP,0.00010000,,21200.95
2023-01-17 16:00:00.013000,BTCUSD_PERP,0.00010000,,21162.92
2023-01-18 00:00:00.000000,BTCUSD_PERP,0.00006088,,21202.97
2023-01-18 08:00:00.000000,BTCUSD_PERP,0.00010000,,21249.31
2023-01-18 16:00:00.000000,BTCUSD_PERP,0.00010000,,20845.47
2023-01-19 00:00:00.000000,BTCUSD_PERP,0.00010000,,20694.01
2023-01-19 08:00:00.014000,BTCUSD_PERP,0.00010000,,20769.06
2023-01-19 16:00:00.000000,BTCUSD_PERP,0.00010000,,20875.41
2023-01-20 00:00:00.000000,BTCUSD_PERP,0.00010000,,21054.74
2023-01-20 08:00:00.013000,BTCUSD_PERP,0.00008957,,20946.15
2023-01-20 16:00:00.004000,BTCUSD_PERP,0.00010000,,21313.29
2023-01-21 00:00:00.000000,BTCUSD_PERP,0.00003350,,22576.17
2023-01-21 08:00:00.017000,BTCUSD_PERP,0.00010000,,22700.63
2023-01-21 16:00:00.010000,BTCUSD_PERP,0.00008904,,23197.45
2023-01-22 00:00:00.000000,BTCUSD_PERP,0.00010000,,22877.48
2023-01-22 08:00:00.001000,BTCUSD_PERP,0.00010000,,22909.76
2023-01-22 16:00:00.017000,BTCUSD_PERP,0.00010000,,22819.28
2023-01-23 00:00:00.008000,BTCUSD_PERP,0.00010000,,22745.28
2023-01-23 08:00:00.011000,BTCUSD_PERP,0.00010000,,22719.28
2023-01-23 16:00:00.000000,BTCUSD_PERP,0.00010000,,22911.17
2023-01-24 00:00:00.007000,BTCUSD_PERP,0.00010000,,22986.44
2023-01-24 08:00:00.017000,BTCUSD_PERP,0.00010000,,23053.12
2023-01-24 16:00:00.000000,BTCUSD_PERP,0.00010000,,22875.18
2023-01-25 00:00:00.000000,BTCUSD_PERP,0.00010000,,22652.23
2023-01-25 08:00:00.016000,BTCUSD_PERP,0.00010000,,22659.72
2023-01-25 16:00:00.000000,BTCUSD_PERP,0.00010000,,22629.75
2023-01-26 00:00:00.011000,BTCUSD_PERP,0.00010000,,23240.42
2023-01-26 08:00:00.004000,BTCUSD_PERP,0.00010000,,23003.87
2023-01-26 16:00:00.009000,BTCUSD_PERP,0.00010000,,23003.98
2023-01-27 00:00:00.001000,BTCUSD_PERP,0.00007772,,22925.5
2023-01-27 08:00:00.004000,BTCUSD_PERP,0.00006149,,22964.51
2023-01-27 16:00:00.005000,BTCUSD_PERP,0.00007784,,23129.72
2023-01-28 00:00:00.015000,BTCUSD_PERP,0.00010000,,23151.84
2023-01-28 08:00:00.016000,BTCUSD_PERP,0.00010000,,22978.64
2023-01-28 16:00:00.017000,BTCUSD_PERP,0.00010000,,23018.14
2023-01-29 00:00:00.003000,BTCUSD_PERP,0.00008976,,23112.95
2023-01-29 08:00:00.000000,BTCUSD_PERP,0.00010000,,23172.28
2023-01-29 16:00:00.000000,BTCUSD_PERP,0.00010000,,23586.44
2023-01-30 00:00:00.001000,BTCUSD_PERP,0.00010000,,23751.43
2023-01-30 08:00:00.013000,BTCUSD_PERP,0.00010000,,23548.76
2023-01-30 16:00:00.000000,BTCUSD_PERP,0.00010000,,23170.38
2023-01-31 00:00:00.001000,BTCUSD_PERP,0.00010000,,22828.32
2023-01-31 08:00:00.000000,BTCUSD_PERP,0.00010000,,22912.62
2023-01-31 16:00:00.004000,BTCUSD_PERP,0.00009891,,23109.17
2023-02-01 00:00:00.011000,BTCUSD_PERP,0.00010000,,23085.73
2023-02-01 08:00:00.005000,BTCUSD_PERP,0.00010000,,22982.03
2023-02-01 16:00:00.016000,BTCUSD_PERP,0.00010000,,22999.85
2023-02-02 00:00:00.000000,BTCUSD_PERP,0.00010000,,24189.85
2023-02-02 08:00:00.000000,BTCUSD_PERP,0.00010000,,23799.59
2023-02-02 16:00:00.006000,BTCUSD_PERP,0.00010000,,23790.35
2023-02-03 00:00:00.014000,BTCUSD_PERP,0.00010000,,23552.89
2023-02-03 08:00:00.000000,BTCUSD_PERP,0.00010000,,23423.52
2023-02-03 16:00:00.008000,BTCUSD_PERP,0.00010000,,23519.21
2023-02-04 00:00:00.013000,BTCUSD_PERP,0.00010000,,23411.3
2023-02-04 08:00:00.000000,BTCUSD_PERP,0.00010000,,23297.59
2023-02-04 16:00:00.013000,BTCUSD_PERP,0.00010000,,23407.83
2023-02-05 00:00:00.005000,BTCUSD_PERP,0.00010000,,23291.0
2023-02-05 08:00:00.001000,BTCUSD_PERP,0.00010000,,23393.26
2023-02-05 16:00:00.014000,BTCUSD_PERP,0.00010000,,23075.54
2023-02-06 00:00:00.013000,BTCUSD_PERP,0.00004935,,23054.44
2023-02-06 08:00:00.007000,BTCUSD_PERP,0.00001839,,22862.99
2023-02-06 16:00:00.016000,BTCUSD_PERP,0.00010000,,22999.62
2023-02-07 00:00:00.000000,BTCUSD_PERP,0.00003437,,22795.13
2023-02-07 08:00:00.004000,BTCUSD_PERP,0.00010000,,22872.67
2023-02-07 16:00:00.011000,BTCUSD_PERP,0.00003357,,22977.98
2023-02-08 00:00:00.000000,BTCUSD_PERP,0.00001125,,23326.4
2023-02-08 08:00:00.004000,BTCUSD_PERP,0.00001978,,23205.96
2023-02-08 16:00:00.000000,BTCUSD_PERP,0.00005369,,22966.3
2023-02-09 00:00:00.001000,BTCUSD_PERP,0.00004631,,22980.64
2023-02-09 08:00:00.006000,BTCUSD_PERP,0.00006088,,22720.65
2023-02-09 16:00:00.001000,BTCUSD_PERP,0.00004137,,22511.8
2023-02-10 00:00:00.010000,BTCUSD_PERP,0.00005780,,21824.09
2023-02-10 08:00:00.005000,BTCUSD_PERP,0.00001575,,21889.38
2023-02-10 16:00:00.000000,BTCUSD_PERP,0.00007670,,21607.11
2023-02-11 00:00:00.003000,BTCUSD_PERP,0.00004792,,21657.62
2023-02-11 08:00:00.001000,BTCUSD_PERP,0.00009041,,21687.29
2023-02-11 16:00:00.018000,BTCUSD_PERP,-0.00002328,,21693.14
2023-02-12 00:00:00.000000,BTCUSD_PERP,0.00001463,,21816.37
2023-02-12 08:00:00.003000,BTCUSD_PERP,-0.00004142,,21804.89
2023-02-12 16:00:00.000000,BTCUSD_PERP,0.00002655,,22004.65
2023-02-13 00:00:00.004000,BTCUSD_PERP,0.00001176,,21811.28
2023-02-13 08:00:00.000000,BTCUSD_PERP,0.00010000,,21720.67
2023-02-13 16:00:00.008000,BTCUSD_PERP,0.00004563,,21503.76
2023-02-14 00:00:00.011000,BTCUSD_PERP,-0.00001740,,21737.95
2023-02-14 08:00:00.013000,BTCUSD_PERP,-0.00002664,,21694.92
2023-02-14 16:00:00.016000,BTCUSD_PERP,0.00009441,,22008.36
2023-02-15 00:00:00.011000,BTCUSD_PERP,0.00010000,,22149.74
2023-02-15 08:00:00.005000,BTCUSD_PERP,0.00005643,,22094.02
2023-02-15 16:00:00.014000,BTCUSD_PERP,0.00010000,,22763.1
2023-02-16 00:00:00.022000,BTCUSD_PERP,0.00010000,,24583.17
2023-02-16 08:00:00.000000,BTCUSD_PERP,0.00010000,,24580.34
2023-02-16 16:00:00.000000,BTCUSD_PERP,0.00024770,,24898.43
2023-02-17 00:00:00.021000,BTCUSD_PERP,0.00018388,,23713.37
2023-02-17 08:00:00.010000,BTCUSD_PERP,0.00010000,,23797.21
2023-02-17 16:00:00.000000,BTCUSD_PERP,0.00010000,,24091.21
2023-02-18 00:00:00.015000,BTCUSD_PERP,0.00010000,,24632.74
2023-02-18 08:00:00.000000,BTCUSD_PERP,0.00010000,,24588.51
2023-02-18 16:00:00.011000,BTCUSD_PERP,0.00010000,,24642.84
2023-02-19 00:00:00.019000,BTCUSD_PERP,0.00010000,,24739.25
2023-02-19 08:00:00.012000,BTCUSD_PERP,0.00010000,,24569.06
2023-02-19 16:00:00.016000,BTCUSD_PERP,0.00010000,,24777.62
2023-02-20 00:00:00.007000,BTCUSD_PERP,0.00010000,,24211.07
2023-02-20 08:00:00.000000,BTCUSD_PERP,0.00010000,,24459.14
2023-02-20 16:00:00.020000,BTCUSD_PERP,0.00010000,,24884.2
2023-02-21 00:00:00.003000,BTCUSD_PERP,0.00015191,,24858.6
2023-02-21 08:00:00.000000,BTCUSD_PERP,0.00011660,,24689.23
2023-02-21 16:00:00.000000,BTCUSD_PERP,0.00010000,,24403.27
2023-02-22 00:00:00.015000,BTCUSD_PERP,0.00010000,,24412.47
2023-02-22 08:00:00.000000,BTCUSD_PERP,0.00010000,,23965.78
2023-02-22 16:00:00.000000,BTCUSD_PERP,0.00010000,,23634.98
2023-02-23 00:00:00.006000,BTCUSD_PERP,0.00010000,,24129.22
2023-02-23 08:00:00.002000,BTCUSD_PERP,0.00010000,,24406.78
2023-02-23 16:00:00.008000,BTCUSD_PERP,0.00010000,,23762.61
2023-02-24 00:00:00.000000,BTCUSD_PERP,0.00010000,,23958.71
2023-02-24 08:00:00.000000,BTCUSD_PERP,0.00010000,,23900.34
2023-02-24 16:00:00.014000,BTCUSD_PERP,0.00010000,,23191.67
2023-02-25 00:00:00.019000,BTCUSD_PERP,0.00010000,,23165.61
2023-02-25 08:00:00.011000,BTCUSD_PERP,0.00010000,,23100.98
2023-02-25 16:00:00.019000,BTCUSD_PERP,0.00010000,,23012.55
2023-02-26 00:00:00.000000,BTCUSD_PERP,0.00010000,,23097.97
2023-02-26 08:00:00.011000,BTCUSD_PERP,0.00010000,,23151.95
2023-02-26 16:00:00.017000,BTCUSD_PERP,0.00007907,,23184.92
2023-02-27 00:00:00.001000,BTCUSD_PERP,0.00010000,,23492.64
2023-02-27 08:00:00.000000,BTCUSD_PERP,0.00010000,,23358.91
2023-02-27 16:00:00.003000,BTCUSD_PERP,0.00010000,,23391.49
2023-02-28 00:00:00.000000,BTCUSD_PERP,0.00010000,,23420.55
2023-02-28 08:00:00.011000,BTCUSD_PERP,0.00006648,,23264.21
2023-02-28 16:00:00.005000,BTCUSD_PERP,0.00010000,,23456.05
2023-03-01 00:00:00.013000,BTCUSD_PERP,0.00000073,,23101.0
2023-03-01 08:00:00.014000,BTCUSD_PERP,0.00010000,,23867.78
2023-03-01 16:00:00.000000,BTCUSD_PERP,0.00010000,,23691.9
2023-03-02 00:00:00.014000,BTCUSD_PERP,0.00010000,,23606.95
2023-03-02 08:00:00.002000,BTCUSD_PERP,0.00010000,,23443.67
2023-03-02 16:00:00.000000,BTCUSD_PERP,0.00010000,,23279.98
2023-03-03 00:00:00.017000,BTCUSD_PERP,0.00010000,,23418.5
2023-03-03 08:00:00.004000,BTCUSD_PERP,-0.00007626,,22430.33
2023-03-03 16:00:00.000000,BTCUSD_PERP,0.00000127,,22374.15
2023-03-04 00:00:00.001000,BTCUSD_PERP,0.00006469,,22368.49
2023-03-04 08:00:00.008000,BTCUSD_PERP,0.00010000,,22341.21
2023-03-04 16:00:00.012000,BTCUSD_PERP,0.00000800,,22324.86
2023-03-05 00:00:00.000000,BTCUSD_PERP,0.00005612,,22379.25
2023-03-05 08:00:00.015000,BTCUSD_PERP,0.00006964,,22342.71
2023-03-05 16:00:00.011000,BTCUSD_PERP,0.00002057,,22442.92
2023-03-06 00:00:00.011000,BTCUSD_PERP,-0.00005286,,22446.48
2023-03-06 08:00:00.000000,BTCUSD_PERP,-0.00002170,,22413.23
2023-03-06 16:00:00.000000,BTCUSD_PERP,0.00010000,,22524.46
2023-03-07 00:00:00.004000,BTCUSD_PERP,0.00004005,,22415.92
2023-03-07 08:00:00.000000,BTCUSD_PERP,0.00009418,,22420.18
2023-03-07 16:00:00.000000,BTCUSD_PERP,0.00010000,,22238.77
2023-03-08 00:00:00.002000,BTCUSD_PERP,0.00010000,,22245.86
2023-03-08 08:00:00.000000,BTCUSD_PERP,0.00010000,,21989.14
2023-03-08 16:00:00.008000,BTCUSD_PERP,0.00010000,,22140.61
2023-03-09 00:00:00.000000,BTCUSD_PERP,0.00010000,,21719.42
2023-03-09 08:00:00.021000,BTCUSD_PERP,0.00008583,,21681.52
2023-03-09 16:00:00.010000,BTCUSD_PERP,0.00010000,,21478.85
2023-03-10 00:00:00.012000,BTCUSD_PERP,-0.00020768,,20120.27
2023-03-10 08:00:00.000000,BTCUSD_PERP,0.00005111,,19959.12
2023-03-10 16:00:00.011000,BTCUSD_PERP,-0.00001497,,20016.36
2023-03-11 00:00:00.014000,BTCUSD_PERP,-0.00036833,,20216.03
2023-03-11 08:00:00.015000,BTCUSD_PERP,-0.00027461,,20071.82
2023-03-11 16:00:00.001000,BTCUSD_PERP,-0.00025152,,20091.11
2023-03-12 00:00:00.013000,BTCUSD_PERP,-0.00034959,,20453.41
2023-03-12 08:00:00.012000,BTCUSD_PERP,-0.00071327,,20376.88
2023-03-12 16:00:00.000000,BTCUSD_PERP,-0.00094680,,20389.55
2023-03-13 00:00:00.003000,BTCUSD_PERP,-0.00079025,,22446.02
2023-03-13 08:00:00.000000,BTCUSD_PERP,-0.00009848,,22191.1
2023-03-13 16:00:00.001000,BTCUSD_PERP,-0.00020943,,23955.16
2023-03-14 00:00:00.000000,BTCUSD_PERP,0.00010000,,24166.31
2023-03-14 08:00:00.000000,BTCUSD_PERP,-0.00011242,,24219.61
2023-03-14 16:00:00.010000,BTCUSD_PERP,0.00010000,,25867.21
2023-03-15 00:00:00.000000,BTCUSD_PERP,0.00010000,,24720.06
2023-03-15 08:00:00.003000,BTCUSD_PERP,0.00010000,,24754.7
2023-03-15 16:00:00.019000,BTCUSD_PERP,0.00010000,,24104.69
2023-03-16 00:00:00.000000,BTCUSD_PERP,-0.00007789,,24202.64
2023-03-16 08:00:00.001000,BTCUSD_PERP,0.00010000,,24581.1
2023-03-16 16:00:00.004000,BTCUSD_PERP,-0.00006479,,24780.79
2023-03-17 00:00:00.021000,BTCUSD_PERP,0.00010000,,24918.14
2023-03-17 08:00:00.018000,BTCUSD_PERP,0.00010000,,25996.41
2023-03-17 16:00:00.000000,BTCUSD_PERP,0.00010000,,26393.98
2023-03-18 00:00:00.013000,BTCUSD_PERP,0.00010000,,27627.51
2023-03-18 08:00:00.015000,BTCUSD_PERP,0.00010000,,27217.57
2023-03-18 16:00:00.003000,BTCUSD_PERP,0.00010000,,27343.98
2023-03-19 00:00:00.007000,BTCUSD_PERP,0.00010000,,27077.54
2023-03-19 08:00:00.040000,BTCUSD_PERP,0.00010000,,26982.58
2023-03-19 16:00:00.000000,BTCUSD_PERP,0.00010000,,27923.37
2023-03-20 00:00:00.012000,BTCUSD_PERP,0.00010000,,27825.47
2023-03-20 08:00:00.012000,BTCUSD_PERP,0.00007415,,28313.85
2023-03-20 16:00:00.007000,BTCUSD_PERP,0.00010000,,27553.81
2023-03-21 00:00:00.000000,BTCUSD_PERP,0.00010000,,27850.21
2023-03-21 08:00:00.000000,BTCUSD_PERP,-0.00013497,,27646.65
2023-03-21 16:00:00.003000,BTCUSD_PERP,0.00007115,,28343.92
2023-03-22 00:00:00.000000,BTCUSD_PERP,-0.00002357,,28028.91
2023-03-22 08:00:00.003000,BTCUSD_PERP,-0.00009926,,28086.99
2023-03-22 16:00:00.014000,BTCUSD_PERP,0.00010000,,28647.26
2023-03-23 00:00:00.002000,BTCUSD_PERP,-0.00019097,,27322.28
2023-03-23 08:00:00.001000,BTCUSD_PERP,0.00010000,,27632.02
2023-03-23 16:00:00.010000,BTCUSD_PERP,0.00010000,,28464.96
2023-03-24 00:00:00.002000,BTCUSD_PERP,-0.00011069,,28195.3
2023-03-24 08:00:00.015000,BTCUSD_PERP,0.00010000,,28034.37
2023-03-24 16:00:00.027000,BTCUSD_PERP,0.00010000,,27831.33
2023-03-25 00:00:00.019000,BTCUSD_PERP,-0.00007290,,27556.35
2023-03-25 08:00:00.008000,BTCUSD_PERP,0.00010000,,27422.56
2023-03-25 16:00:00.003000,BTCUSD_PERP,-0.00001686,,27629.22
2023-03-26 00:00:00.005000,BTCUSD_PERP,0.00009105,,27531.28
2023-03-26 08:00:00.000000,BTCUSD_PERP,0.00000334,,27659.2
2023-03-26 16:00:00.000000,BTCUSD_PERP,0.00010000,,27699.28
2023-03-27 00:00:00.023000,BTCUSD_PERP,0.00006158,,27994.28
2023-03-27 08:00:00.005000,BTCUSD_PERP,0.00007205,,27848.53
2023-03-27 16:00:00.002000,BTCUSD_PERP,0.00010000,,27145.5
2023-03-28 00:00:00.010000,BTCUSD_PERP,0.00006232,,26960.92
2023-03-28 08:00:00.021000,BTCUSD_PERP,0.00010000,,27013.68
2023-03-28 16:00:00.017000,BTCUSD_PERP,0.00005043,,26882.07
2023-03-29 00:00:00.010000,BTCUSD_PERP,0.00010000,,27268.73
2023-03-29 08:00:00.010000,BTCUSD_PERP,0.00010000,,28506.99
2023-03-29 16:00:00.021000,BTCUSD_PERP,0.00010000,,28152.46
2023-03-30 00:00:00.001000,BTCUSD_PERP,0.00000244,,28328.47
2023-03-30 08:00:00.009000,BTCUSD_PERP,0.00010000,,28572.81
2023-03-30 16:00:00.021000,BTCUSD_PERP,-0.00001277,,28247.27
2023-03-31 00:00:00.016000,BTCUSD_PERP,-0.00009672,,28249.17
2023-03-31 08:00:00.015000,BTCUSD_PERP,0.00002731,,27797.32
2023-03-31 16:00:00.011000,BTCUSD_PERP,0.00010000,,28430.76
2023-04-01 00:00:00.000000,BTCUSD_PERP,0.00010000,,28438.27
2023-04-01 08:00:00.004000,BTCUSD_PERP,0.00010000,,28440.56
2023-04-01 16:00:00.011000,BTCUSD_PERP,0.00010000,,28326.0
2023-04-02 00:00:00.014000,BTCUSD_PERP,0.00010000,,28366.3
2023-04-02 08:00:00.002000,BTCUSD_PERP,0.00010000,,28381.37
2023-04-02 16:00:00.010000,BTCUSD_PERP,0.00010000,,28121.97
2023-04-03 00:00:00.007000,BTCUSD_PERP,0.00007760,,28114.62
2023-04-03 08:00:00.000000,BTCUSD_PERP,-0.00008053,,28335.0
2023-04-03 16:00:00.008000,BTCUSD_PERP,0.00010000,,27930.84
2023-04-04 00:00:00.007000,BTCUSD_PERP,0.00004568,,27760.58
2023-04-04 08:00:00.022000,BTCUSD_PERP,0.00010000,,28103.48
2023-04-04 16:00:00.018000,BTCUSD_PERP,0.00010000,,28098.99
2023-04-05 00:00:00.015000,BTCUSD_PERP,0.00010000,,28661.81
2023-04-05 08:00:00.002000,BTCUSD_PERP,0.00010000,,28543.8
2023-04-05 16:00:00.013000,BTCUSD_PERP,0.00010000,,27947.99
2023-04-06 00:00:00.013000,BTCUSD_PERP,0.00010000,,27999.15
2023-04-06 08:00:00.000000,BTCUSD_PERP,0.00010000,,27953.62
2023-04-06 16:00:00.000000,BTCUSD_PERP,-0.00001493,,28065.14
2023-04-07 00:00:00.011000,BTCUSD_PERP,-0.00003646,,28097.99
2023-04-07 08:00:00.010000,BTCUSD_PERP,-0.00001040,,27816.76
2023-04-07 16:00:00.028000,BTCUSD_PERP,0.00002081,,27879.3
2023-04-08 00:00:00.000000,BTCUSD_PERP,-0.00009050,,27880.27
2023-04-08 08:00:00.020000,BTCUSD_PERP,0.00010000,,28025.53
2023-04-08 16:00:00.011000,BTCUSD_PERP,0.00007735,,28002.53
2023-04-09 00:00:00.016000,BTCUSD_PERP,-0.00004179,,28036.76
2023-04-09 08:00:00.019000,BTCUSD_PERP,-0.00002075,,27881.64
2023-04-09 16:00:00.001000,BTCUSD_PERP,0.00005891,,27896.98
2023-04-10 00:00:00.002000,BTCUSD_PERP,0.00010000,,28381.25
2023-04-10 08:00:00.015000,BTCUSD_PERP,0.00006176,,28295.16
2023-04-10 16:00:00.006000,BTCUSD_PERP,0.00009561,,29036.85
2023-04-11 00:00:00.011000,BTCUSD_PERP,0.00010000,,29928.86
2023-04-11 08:00:00.000000,BTCUSD_PERP,0.00010000,,30093.9
2023-04-11 16:00:00.013000,BTCUSD_PERP,0.00010000,,30127.98
2023-04-12 00:00:00.005000,BTCUSD_PERP,0.00010000,,30224.78
2023-04-12 08:00:00.000000,BTCUSD_PERP,0.00010000,,29914.97
2023-04-12 16:00:00.017000,BTCUSD_PERP,0.00010000,,29939.02
2023-04-13 00:00:00.019000,BTCUSD_PERP,0.00010000,,29984.69
2023-04-13 08:00:00.011000,BTCUSD_PERP,-0.00006415,,30188.14
2023-04-13 16:00:00.000000,BTCUSD_PERP,0.00010000,,30322.37
2023-04-14 00:00:00.000000,BTCUSD_PERP,0.00010000,,30745.73
2023-04-14 08:00:00.000000,BTCUSD_PERP,0.00010000,,30730.22
2023-04-14 16:00:00.007000,BTCUSD_PERP,0.00005343,,30147.49
2023-04-15 00:00:00.001000,BTCUSD_PERP,-0.00008778,,30372.48
2023-04-15 08:00:00.013000,BTCUSD_PERP,0.00010000,,30385.12
2023-04-15 16:00:00.000000,BTCUSD_PERP,0.00010000,,30319.98
2023-04-16 00:00:00.001000,BTCUSD_PERP,0.00010000,,30277.54
2023-04-16 08:00:00.011000,BTCUSD_PERP,0.00010000,,30337.4
2023-04-16 16:00:00.000000,BTCUSD_PERP,0.00010000,,30335.0
2023-04-17 00:00:00.021000,BTCUSD_PERP,0.00010000,,29842.86
2023-04-17 08:00:00.000000,BTCUSD_PERP,0.00000302,,29918.1
2023-04-17 16:00:00.017000,BTCUSD_PERP,0.00003532,,29464.43
2023-04-18 00:00:00.000000,BTCUSD_PERP,0.00003805,,29364.16
2023-04-18 08:00:00.000000,BTCUSD_PERP,0.00010000,,29703.89
2023-04-18 16:00:00.012000,BTCUSD_PERP,0.00010000,,30220.85
2023-04-19 00:00:00.013000,BTCUSD_PERP,0.00010000,,30319.25
2023-04-19 08:00:00.001000,BTCUSD_PERP,0.00010000,,29168.47
2023-04-19 16:00:00.015000,BTCUSD_PERP,0.00000681,,29315.24
2023-04-20 00:00:00.005000,BTCUSD_PERP,0.00006674,,28920.01
2023-04-20 08:00:00.000000,BTCUSD_PERP,0.00002100,,28826.6
2023-04-20 16:00:00.014000,BTCUSD_PERP,0.00010000,,28442.56
2023-04-21 00:00:00.011000,BTCUSD_PERP,0.00010000,,28291.26
2023-04-21 08:00:00.019000,BTCUSD_PERP,0.00010000,,28071.9
2023-04-21 16:00:00.012000,BTCUSD_PERP,0.00010000,,28042.71
2023-04-22 00:00:00.005000,BTCUSD_PERP,0.00010000,,27225.08
2023-04-22 08:00:00.000000,BTCUSD_PERP,0.00010000,,27211.42
2023-04-22 16:00:00.004000,BTCUSD_PERP,0.00006679,,27586.57
2023-04-23 00:00:00.013000,BTCUSD_PERP,-0.00004266,,27541.8
2023-04-23 08:00:00.009000,BTCUSD_PERP,0.00008390,,27710.51
2023-04-23 16:00:00.000000,BTCUSD_PERP,-0.00002500,,27584.42
2023-04-24 00:00:00.005000,BTCUSD_PERP,0.00010000,,27807.49
2023-04-24 08:00:00.000000,BTCUSD_PERP,0.00005636,,27185.75
2023-04-24 16:00:00.006000,BTCUSD_PERP,0.00010000,,27110.55
2023-04-25 00:00:00.009000,BTCUSD_PERP,-0.00000715,,27459.04
2023-04-25 08:00:00.000000,BTCUSD_PERP,0.00004053,,27430.87
2023-04-25 16:00:00.000000,BTCUSD_PERP,0.00004760,,27393.27
2023-04-26 00:00:00.000000,BTCUSD_PERP,0.00008853,,28299.63
2023-04-26 08:00:00.009000,BTCUSD_PERP,0.00001894,,28727.19
2023-04-26 16:00:00.000000,BTCUSD_PERP,0.00010000,,29810.28
2023-04-27 00:00:00.014000,BTCUSD_PERP,-0.00002154,,29225.54
2023-04-27 08:00:00.005000,BTCUSD_PERP,0.00000944,,28955.43
2023-04-27 16:00:00.013000,BTCUSD_PERP,0.00000221,,29129.75
2023-04-28 00:00:00.013000,BTCUSD_PERP,0.00000047,,29554.25
2023-04-28 08:00:00.000000,BTCUSD_PERP,-0.00000038,,29251.98
2023-04-28 16:00:00.014000,BTCUSD_PERP,-0.00001827,,29273.42
2023-04-29 00:00:00.000000,BTCUSD_PERP,-0.00010583,,29262.02
2023-04-29 08:00:00.000000,BTCUSD_PERP,-0.00010424,,29313.87
2023-04-29 16:00:00.001000,BTCUSD_PERP,-0.00003365,,29281.78
2023-04-30 00:00:00.007000,BTCUSD_PERP,0.00004185,,29136.0
2023-04-30 08:00:00.008000,BTCUSD_PERP,0.00010000,,29269.99
2023-04-30 16:00:00.019000,BTCUSD_PERP,0.00010000,,29717.55
2023-05-01 00:00:00.000000,BTCUSD_PERP,-0.00002136,,29315.57
2023-05-01 08:00:00.000000,BTCUSD_PERP,0.00007387,,28574.45
2023-05-01 16:00:00.016000,BTCUSD_PERP,0.00010000,,28360.8
2023-05-02 00:00:00.019000,BTCUSD_PERP,0.00010000,,28050.42
2023-05-02 08:00:00.015000,BTCUSD_PERP,0.00010000,,28028.54
2023-05-02 16:00:00.006000,BTCUSD_PERP,0.00010000,,28468.58
2023-05-03 00:00:00.001000,BTCUSD_PERP,-0.00013761,,28503.72
2023-05-03 08:00:00.010000,BTCUSD_PERP,0.00010000,,28691.21
2023-05-03 16:00:00.015000,BTCUSD_PERP,-0.00002376,,28476.96
2023-05-04 00:00:00.015000,BTCUSD_PERP,0.00010000,,29043.94
2023-05-04 08:00:00.010000,BTCUSD_PERP,0.00008107,,29089.26
2023-05-04 16:00:00.001000,BTCUSD_PERP,0.00002152,,28924.82
2023-05-05 00:00:00.000000,BTCUSD_PERP,-0.00004088,,28937.63
2023-05-05 08:00:00.011000,BTCUSD_PERP,0.00000618,,29058.0
2023-05-05 16:00:00.000000,BTCUSD_PERP,-0.00009544,,29586.93
2023-05-06 00:00:00.000000,BTCUSD_PERP,0.00005139,,29671.11
2023-05-06 08:00:00.016000,BTCUSD_PERP,-0.00007147,,29330.12
2023-05-06 16:00:00.000000,BTCUSD_PERP,-0.00003699,,28701.53
2023-05-07 00:00:00.000000,BTCUSD_PERP,-0.00013963,,28942.72
2023-05-07 08:00:00.000000,BTCUSD_PERP,0.00004799,,28857.06
2023-05-07 16:00:00.009000,BTCUSD_PERP,0.00002104,,28953.65
2023-05-08 00:00:00.000000,BTCUSD_PERP,0.00005615,,28572.17
2023-05-08 08:00:00.015000,BTCUSD_PERP,0.00003935,,27704.94
2023-05-08 16:00:00.018000,BTCUSD_PERP,0.00008085,,27867.2
2023-05-09 00:00:00.015000,BTCUSD_PERP,0.00003834,,27578.26
2023-05-09 08:00:00.000000,BTCUSD_PERP,0.00004507,,27569.87
2023-05-09 16:00:00.001000,BTCUSD_PERP,0.00001264,,27699.14
2023-05-10 00:00:00.000000,BTCUSD_PERP,0.00010000,,27747.06
2023-05-10 08:00:00.000000,BTCUSD_PERP,0.00004906,,27572.48
2023-05-10 16:00:00.001000,BTCUSD_PERP,0.00010000,,28182.17
2023-05-11 00:00:00.000000,BTCUSD_PERP,-0.00000225,,27515.09
2023-05-11 08:00:00.000000,BTCUSD_PERP,0.00003055,,27390.46
2023-05-11 16:00:00.001000,BTCUSD_PERP,0.00008597,,27129.17
2023-05-12 00:00:00.000000,BTCUSD_PERP,0.00004789,,27033.78
2023-05-12 08:00:00.014000,BTCUSD_PERP,0.00002718,,26289.12
2023-05-12 16:00:00.015000,BTCUSD_PERP,0.00000651,,26290.98
2023-05-13 00:00:00.000000,BTCUSD_PERP,0.00008388,,26838.99
2023-05-13 08:00:00.014000,BTCUSD_PERP,0.00002836,,26799.73
2023-05-13 16:00:00.026000,BTCUSD_PERP,0.00001157,,26822.8
2023-05-14 00:00:00.025000,BTCUSD_PERP,0.00003983,,26741.31
2023-05-14 08:00:00.024000,BTCUSD_PERP,-0.00000260,,26845.53
2023-05-14 16:00:00.017000,BTCUSD_PERP,0.00010000,,26958.7
2023-05-15 00:00:00.014000,BTCUSD_PERP,0.00004703,,26800.25
2023-05-15 08:00:00.021000,BTCUSD_PERP,0.00010000,,27434.67
2023-05-15 16:00:00.002000,BTCUSD_PERP,0.00010000,,27482.65
2023-05-16 00:00:00.013000,BTCUSD_PERP,0.00010000,,27205.57
2023-05-16 08:00:00.000000,BTCUSD_PERP,0.00005538,,27202.22
2023-05-16 16:00:00.001000,BTCUSD_PERP,0.00010000,,27052.83
2023-05-17 00:00:00.010000,BTCUSD_PERP,0.00010000,,27098.59
2023-05-17 08:00:00.013000,BTCUSD_PERP,0.00010000,,26813.07
2023-05-17 16:00:00.000000,BTCUSD_PERP,0.00010000,,26905.1
2023-05-18 00:00:00.014000,BTCUSD_PERP,0.00010000,,27357.42
2023-05-18 08:00:00.019000,BTCUSD_PERP,0.00010000,,27388.54
2023-05-18 16:00:00.006000,BTCUSD_PERP,0.00010000,,27069.56
2023-05-19 00:00:00.020000,BTCUSD_PERP,0.00010000,,26885.47
2023-05-19 08:00:00.000000,BTCUSD_PERP,0.00010000,,26886.52
2023-05-19 16:00:00.000000,BTCUSD_PERP,0.00010000,,26837.72
2023-05-20 00:00:00.014000,BTCUSD_PERP,0.00010000,,26845.71
2023-05-20 08:00:00.010000,BTCUSD_PERP,0.00003553,,26908.98
2023-05-20 16:00:00.020000,BTCUSD_PERP,0.00010000,,26918.46
2023-05-21 00:00:00.009000,BTCUSD_PERP,0.00010000,,27237.75
2023-05-21 08:00:00.001000,BTCUSD_PERP,0.00010000,,27042.87
2023-05-21 16:00:00.015000,BTCUSD_PERP,0.00010000,,26886.43
2023-05-22 00:00:00.000000,BTCUSD_PERP,0.00010000,,26656.11
2023-05-22 08:00:00.000000,BTCUSD_PERP,0.00010000,,26826.62
2023-05-22 16:00:00.000000,BTCUSD_PERP,0.00010000,,26873.16
2023-05-23 00:00:00.000000,BTCUSD_PERP,0.00010000,,26822.33
2023-05-23 08:00:00.019000,BTCUSD_PERP,0.00010000,,27334.52
2023-05-23 16:00:00.001000,BTCUSD_PERP,0.00010000,,27229.23
2023-05-24 00:00:00.005000,BTCUSD_PERP,0.00010000,,27156.7
2023-05-24 08:00:00.015000,BTCUSD_PERP,0.00009446,,26748.58
2023-05-24 16:00:00.019000,BTCUSD_PERP,0.00010000,,26238.01
2023-05-25 00:00:00.024000,BTCUSD_PERP,0.00010000,,26236.47
2023-05-25 08:00:00.020000,BTCUSD_PERP,0.00010000,,26223.87
2023-05-25 16:00:00.000000,BTCUSD_PERP,0.00010000,,26276.73
2023-05-26 00:00:00.027000,BTCUSD_PERP,0.00010000,,26469.93
2023-05-26 08:00:00.016000,BTCUSD_PERP,0.00010000,,26473.36
2023-05-26 16:00:00.000000,BTCUSD_PERP,0.00010000,,26792.36
2023-05-27 00:00:00.016000,BTCUSD_PERP,0.00010000,,26651.92
2023-05-27 08:00:00.012000,BTCUSD_PERP,0.00008484,,26688.65
2023-05-27 16:00:00.019000,BTCUSD_PERP,0.00006148,,26664.07
2023-05-28 00:00:00.021000,BTCUSD_PERP,0.00008981,,27072.42
2023-05-28 08:00:00.010000,BTCUSD_PERP,0.00010000,,27197.63
2023-05-28 16:00:00.000000,BTCUSD_PERP,0.00010000,,27252.27
2023-05-29 00:00:00.019000,BTCUSD_PERP,0.00010000,,28192.53
2023-05-29 08:00:00.000000,BTCUSD_PERP,0.00010000,,27900.61
2023-05-29 16:00:00.000000,BTCUSD_PERP,0.00010000,,27597.24
2023-05-30 00:00:00.000000,BTCUSD_PERP,0.00010000,,27709.55
2023-05-30 08:00:00.001000,BTCUSD_PERP,0.00010000,,27781.78
2023-05-30 16:00:00.013000,BTCUSD_PERP,0.00010000,,27713.43
2023-05-31 00:00:00.000000,BTCUSD_PERP,0.00010000,,27754.78
2023-05-31 08:00:00.012000,BTCUSD_PERP,0.00010000,,27136.93
2023-05-31 16:00:00.010000,BTCUSD_PERP,0.00010000,,26936.01
2023-06-01 00:00:00.011000,BTCUSD_PERP,0.00010000,,27065.77
2023-06-01 08:00:00.000000,BTCUSD_PERP,0.00010000,,26912.53
2023-06-01 16:00:00.001000,BTCUSD_PERP,0.00010000,,27092.08
2023-06-02 00:00:00.011000,BTCUSD_PERP,0.00010000,,26786.03
2023-06-02 08:00:00.000000,BTCUSD_PERP,0.00010000,,27166.14
2023-06-02 16:00:00.011000,BTCUSD_PERP,0.00010000,,27056.06
2023-06-03 00:00:00.015000,BTCUSD_PERP,0.00010000,,27165.09
2023-06-03 08:00:00.013000,BTCUSD_PERP,0.00008314,,27146.62
2023-06-03 16:00:00.000000,BTCUSD_PERP,0.00002522,,27248.48
2023-06-04 00:00:00.009000,BTCUSD_PERP,-0.00000601,,27005.13
2023-06-04 08:00:00.011000,BTCUSD_PERP,0.00010000,,27150.82
2023-06-04 16:00:00.001000,BTCUSD_PERP,0.00010000,,27170.66
2023-06-05 00:00:00.018000,BTCUSD_PERP,0.00010000,,27024.76
2023-06-05 08:00:00.011000,BTCUSD_PERP,0.00009128,,26798.64
2023-06-05 16:00:00.000000,BTCUSD_PERP,0.00010000,,25809.05
2023-06-06 00:00:00.023000,BTCUSD_PERP,-0.00002906,,25690.89
2023-06-06 08:00:00.005000,BTCUSD_PERP,0.00009964,,25707.8
2023-06-06 16:00:00.019000,BTCUSD_PERP,0.00010000,,26369.99
2023-06-07 00:00:00.008000,BTCUSD_PERP,0.00010000,,27179.8
2023-06-07 08:00:00.009000,BTCUSD_PERP,0.00010000,,26816.47
2023-06-07 16:00:00.000000,BTCUSD_PERP,0.00010000,,26329.16
2023-06-08 00:00:00.007000,BTCUSD_PERP,0.00010000,,26390.01
2023-06-08 08:00:00.000000,BTCUSD_PERP,0.00010000,,26441.54
2023-06-08 16:00:00.000000,BTCUSD_PERP,0.00010000,,26498.4
2023-06-09 00:00:00.000000,BTCUSD_PERP,0.00010000,,26456.95
2023-06-09 08:00:00.000000,BTCUSD_PERP,0.00008672,,26642.37
2023-06-09 16:00:00.000000,BTCUSD_PERP,0.00010000,,26482.84
2023-06-10 00:00:00.000000,BTCUSD_PERP,0.00010000,,26459.99
2023-06-10 08:00:00.000000,BTCUSD_PERP,-0.00000156,,25669.07
2023-06-10 16:00:00.000000,BTCUSD_PERP,0.00008655,,25588.67
2023-06-11 00:00:00.000000,BTCUSD_PERP,-0.00007091,,25750.28
2023-06-11 08:00:00.000000,BTCUSD_PERP,0.00010000,,25740.2
2023-06-11 16:00:00.000000,BTCUSD_PERP,0.00010000,,25868.39
2023-06-12 00:00:00.001000,BTCUSD_PERP,0.00010000,,25965.13
2023-06-12 08:00:00.001000,BTCUSD_PERP,0.00010000,,25939.32
2023-06-12 16:00:00.000000,BTCUSD_PERP,0.00010000,,25825.41
2023-06-13 00:00:00.000000,BTCUSD_PERP,0.00010000,,25868.89
2023-06-13 08:00:00.000000,BTCUSD_PERP,0.00010000,,26176.83
2023-06-13 16:00:00.000000,BTCUSD_PERP,0.00010000,,25865.29
2023-06-14 00:00:00.000000,BTCUSD_PERP,0.00010000,,25989.72
2023-06-14 08:00:00.001000,BTCUSD_PERP,0.00010000,,25928.3
2023-06-14 16:00:00.000000,BTCUSD_PERP,0.00010000,,25965.86
2023-06-15 00:00:00.000000,BTCUSD_PERP,0.00001564,,25206.51
2023-06-15 08:00:00.000000,BTCUSD_PERP,0.00010000,,24974.26
2023-06-15 16:00:00.000000,BTCUSD_PERP,0.00010000,,24999.99
2023-06-16 00:00:00.000000,BTCUSD_PERP,0.00010000,,25496.59
2023-06-16 08:00:00.000000,BTCUSD_PERP,0.00010000,,25545.25
2023-06-16 16:00:00.000000,BTCUSD_PERP,0.00010000,,25959.77
2023-06-17 00:00:00.000000,BTCUSD_PERP,0.00010000,,26313.11
2023-06-17 08:00:00.000000,BTCUSD_PERP,0.00010000,,26601.01
2023-06-17 16:00:00.000000,BTCUSD_PERP,0.00010000,,26473.14
2023-06-18 00:00:00.000000,BTCUSD_PERP,0.00010000,,26453.96
2023-06-18 08:00:00.001000,BTCUSD_PERP,0.00010000,,26499.32
2023-06-18 16:00:00.000000,BTCUSD_PERP,0.00010000,,26620.12
2023-06-19 00:00:00.000000,BTCUSD_PERP,0.00010000,,26366.1
2023-06-19 08:00:00.000000,BTCUSD_PERP,0.00010000,,26417.25
2023-06-19 16:00:00.000000,BTCUSD_PERP,0.00010000,,26499.65
2023-06-20 00:00:00.000000,BTCUSD_PERP,0.00010000,,26982.28
2023-06-20 08:00:00.000000,BTCUSD_PERP,0.00004938,,26754.25
2023-06-20 16:00:00.000000,BTCUSD_PERP,0.00002608,,27380.54
2023-06-21 00:00:00.000000,BTCUSD_PERP,-0.00008061,,28414.0
2023-06-21 08:00:00.000000,BTCUSD_PERP,0.00010000,,28824.41
2023-06-21 16:00:00.000000,BTCUSD_PERP,-0.00006067,,30164.58
2023-06-22 00:00:00.000000,BTCUSD_PERP,0.00010000,,30139.48
2023-06-22 08:00:00.000000,BTCUSD_PERP,0.00010000,,30096.7
2023-06-22 16:00:00.000000,BTCUSD_PERP,0.00006099,,29970.02
2023-06-23 00:00:00.000000,BTCUSD_PERP,0.00010000,,30010.0
2023-06-23 08:00:00.000000,BTCUSD_PERP,0.00010000,,30008.12
2023-06-23 16:00:00.000000,BTCUSD_PERP,0.00010000,,31097.02
2023-06-24 00:00:00.000000,BTCUSD_PERP,0.00000108,,30488.2
2023-06-24 08:00:00.000000,BTCUSD_PERP,0.00010000,,30608.82
2023-06-24 16:00:00.000000,BTCUSD_PERP,0.00010000,,30510.01
2023-06-25 00:00:00.000000,BTCUSD_PERP,0.00010000,,30513.23
2023-06-25 08:00:00.000000,BTCUSD_PERP,0.00010000,,30735.93
2023-06-25 16:00:00.000000,BTCUSD_PERP,0.00010000,,30590.29
2023-06-26 00:00:00.000000,BTCUSD_PERP,0.00010000,,30394.89
2023-06-26 08:00:00.001000,BTCUSD_PERP,0.00010000,,30405.75
2023-06-26 16:00:00.001000,BTCUSD_PERP,0.00010000,,30100.47
2023-06-27 00:00:00.000000,BTCUSD_PERP,0.00010000,,30354.02
2023-06-27 08:00:00.000000,BTCUSD_PERP,0.00010000,,30395.14
2023-06-27 16:00:00.000000,BTCUSD_PERP,0.00010000,,30710.65
2023-06-28 00:00:00.000000,BTCUSD_PERP,0.00000401,,30614.0
2023-06-28 08:00:00.000000,BTCUSD_PERP,0.00010000,,30278.0
2023-06-28 16:00:00.000000,BTCUSD_PERP,0.00010000,,30258.0
2023-06-29 00:00:00.001000,BTCUSD_PERP,-0.00000217,,30079.99
2023-06-29 08:00:00.000000,BTCUSD_PERP,0.00008023,,30383.98
2023-06-29 16:00:00.000000,BTCUSD_PERP,0.00010000,,30502.01
2023-06-30 00:00:00.000000,BTCUSD_PERP,0.00010000,,30441.34
2023-06-30 08:00:00.000000,BTCUSD_PERP,0.00010000,,30854.0
2023-06-30 16:00:00.000000,BTCUSD_PERP,0.00010000,,30400.53
2023-07-01 00:00:00.000000,BTCUSD_PERP,0.00010000,,30469.83
2023-07-01 08:00:00.000000,BTCUSD_PERP,0.00010000,,30441.7
2023-07-01 16:00:00.000000,BTCUSD_PERP,0.00010000,,30572.0
2023-07-02 00:00:00.000000,BTCUSD_PERP,0.00010000,,30575.77
2023-07-02 08:00:00.000000,BTCUSD_PERP,0.00010000,,30484.01
2023-07-02 16:00:00.000000,BTCUSD_PERP,0.00010000,,30561.58
2023-07-03 00:00:00.000000,BTCUSD_PERP,0.00010000,,30637.99
2023-07-03 08:00:00.000000,BTCUSD_PERP,0.00010000,,30640.12
2023-07-03 16:00:00.000000,BTCUSD_PERP,0.00010000,,31042.22
2023-07-04 00:00:00.001000,BTCUSD_PERP,0.00010000,,31112.86
2023-07-04 08:00:00.000000,BTCUSD_PERP,0.00010000,,30930.76
2023-07-04 16:00:00.000000,BTCUSD_PERP,0.00010000,,30960.29
2023-07-05 00:00:00.000000,BTCUSD_PERP,0.00010000,,30762.27
2023-07-05 08:00:00.000000,BTCUSD_PERP,0.00010000,,30764.29
2023-07-05 16:00:00.000000,BTCUSD_PERP,0.00003461,,30462.6
2023-07-06 00:00:00.000000,BTCUSD_PERP,0.00010000,,30413.1
2023-07-06 08:00:00.000000,BTCUSD_PERP,0.00010000,,31329.97
2023-07-06 16:00:00.000000,BTCUSD_PERP,-0.00012217,,30313.99
2023-07-07 00:00:00.000000,BTCUSD_PERP,-0.00001086,,30052.6
2023-07-07 08:00:00.000000,BTCUSD_PERP,-0.00001004,,30055.41
2023-07-07 16:00:00.000000,BTCUSD_PERP,-0.00006800,,30354.85
2023-07-08 00:00:00.000000,BTCUSD_PERP,-0.00013899,,30286.29
2023-07-08 08:00:00.000000,BTCUSD_PERP,0.00008309,,30276.01
2023-07-08 16:00:00.000000,BTCUSD_PERP,0.00000397,,30254.57
2023-07-09 00:00:00.000000,BTCUSD_PERP,-0.00002755,,30336.01
2023-07-09 08:00:00.000000,BTCUSD_PERP,0.00009485,,30305.51
2023-07-09 16:00:00.000000,BTCUSD_PERP,0.00007842,,30287.99
2023-07-10 00:00:00.000000,BTCUSD_PERP,0.00008960,,30090.27
2023-07-10 08:00:00.000000,BTCUSD_PERP,0.00010000,,30099.21
2023-07-10 16:00:00.000000,BTCUSD_PERP,0.00010000,,30351.18
2023-07-11 00:00:00.000000,BTCUSD_PERP,0.00010000,,30419.99
2023-07-11 08:00:00.000000,BTCUSD_PERP,0.00010000,,30495.91
2023-07-11 16:00:00.000000,BTCUSD_PERP,0.00010000,,30649.3
2023-07-12 00:00:00.000000,BTCUSD_PERP,0.00010000,,30509.98
2023-07-12 08:00:00.000000,BTCUSD_PERP,0.00010000,,30735.48
2023-07-12 16:00:00.000000,BTCUSD_PERP,0.00010000,,30487.03
2023-07-13 00:00:00.000000,BTCUSD_PERP,0.00009432,,30353.51
2023-07-13 08:00:00.000000,BTCUSD_PERP,0.00010000,,30411.99
2023-07-13 16:00:00.000000,BTCUSD_PERP,0.00010000,,30826.46
2023-07-14 00:00:00.000000,BTCUSD_PERP,0.00010000,,31444.01
2023-07-14 08:00:00.000000,BTCUSD_PERP,0.00010000,,31243.71
2023-07-14 16:00:00.000000,BTCUSD_PERP,0.00010000,,31214.0
2023-07-15 00:00:00.000000,BTCUSD_PERP,-0.00016049,,30328.76
2023-07-15 08:00:00.000000,BTCUSD_PERP,0.00007695,,30316.19
2023-07-15 16:00:00.000000,BTCUSD_PERP,0.00003287,,30280.01
2023-07-16 00:00:00.000000,BTCUSD_PERP,0.00009090,,30299.99
2023-07-16 08:00:00.000000,BTCUSD_PERP,0.00010000,,30298.49
2023-07-16 16:00:00.000000,BTCUSD_PERP,0.00001435,,30364.17
2023-07-17 00:00:00.000000,BTCUSD_PERP,0.00004970,,30213.99
2023-07-17 08:00:00.001000,BTCUSD_PERP,0.00007973,,30261.9
2023-07-17 16:00:00.000000,BTCUSD_PERP,0.00010000,,30144.01
2023-07-18 00:00:00.001000,BTCUSD_PERP,0.00005844,,30168.01
2023-07-18 08:00:00.000000,BTCUSD_PERP,0.00010000,,30021.99
2023-07-18 16:00:00.000000,BTCUSD_PERP,0.00010000,,29701.2
2023-07-19 00:00:00.000000,BTCUSD_PERP,0.00007423,,30055.32
2023-07-19 08:00:00.000000,BTCUSD_PERP,0.00010000,,29923.28
2023-07-19 16:00:00.000000,BTCUSD_PERP,0.00010000,,29903.9
2023-07-20 00:00:00.000000,BTCUSD_PERP,0.00007282,,30000.0
2023-07-20 08:00:00.000000,BTCUSD_PERP,0.00010000,,30264.55
2023-07-20 16:00:00.000000,BTCUSD_PERP,0.00010000,,29716.69
2023-07-21 00:00:00.000000,BTCUSD_PERP,0.00010000,,29786.01
2023-07-21 08:00:00.000000,BTCUSD_PERP,0.00006740,,29786.29
2023-07-21 16:00:00.000000,BTCUSD_PERP,0.00010000,,29828.0
2023-07-22 00:00:00.000000,BTCUSD_PERP,0.00002802,,29983.79
2023-07-22 08:00:00.000000,BTCUSD_PERP,0.00000588,,29937.29
2023-07-22 16:00:00.000000,BTCUSD_PERP,-0.00005325,,29899.99
2023-07-23 00:00:00.000000,BTCUSD_PERP,-0.00008491,,29778.38
2023-07-23 08:00:00.000000,BTCUSD_PERP,0.00004153,,29948.01
2023-07-23 16:00:00.000000,BTCUSD_PERP,0.00010000,,29954.12
2023-07-24 00:00:00.000000,BTCUSD_PERP,0.00010000,,30010.01
2023-07-24 08:00:00.000000,BTCUSD_PERP,-0.00001955,,29756.01
2023-07-24 16:00:00.000000,BTCUSD_PERP,0.00010000,,29107.54
2023-07-25 00:00:00.000000,BTCUSD_PERP,0.00008680,,29112.86
2023-07-25 08:00:00.000000,BTCUSD_PERP,0.00007300,,29191.43
2023-07-25 16:00:00.000000,BTCUSD_PERP,0.00010000,,29228.79
2023-07-26 00:00:00.001000,BTCUSD_PERP,0.00009916,,29166.76
2023-07-26 08:00:00.000000,BTCUSD_PERP,0.00010000,,29222.66
2023-07-26 16:00:00.000000,BTCUSD_PERP,0.00010000,,29302.43
2023-07-27 00:00:00.001000,BTCUSD_PERP,0.00002676,,29356.09
2023-07-27 08:00:00.000000,BTCUSD_PERP,0.00010000,,29470.82
2023-07-27 16:00:00.001000,BTCUSD_PERP,0.00004236,,29274.93
2023-07-28 00:00:00.000000,BTCUSD_PERP,0.00000487,,29273.0
2023-07-28 08:00:00.000000,BTCUSD_PERP,0.00003994,,29152.0
2023-07-28 16:00:00.000000,BTCUSD_PERP,0.00010000,,29361.41
2023-07-29 00:00:00.000000,BTCUSD_PERP,0.00003694,,29325.84
2023-07-29 08:00:00.000000,BTCUSD_PERP,-0.00001978,,29295.44
2023-07-29 16:00:00.000000,BTCUSD_PERP,-0.00001887,,29308.46
2023-07-30 00:00:00.001000,BTCUSD_PERP,0.00003304,,29348.83
2023-07-30 08:00:00.001000,BTCUSD_PERP,-0.00004386,,29292.52
2023-07-30 16:00:00.000000,BTCUSD_PERP,0.00010000,,29380.02
2023-07-31 00:00:00.000000,BTCUSD_PERP,-0.00002808,,29461.54
2023-07-31 08:00:00.000000,BTCUSD_PERP,0.00010000,,29391.3
2023-07-31 16:00:00.000000,BTCUSD_PERP,0.00010000,,29232.51
2023-08-01 00:00:00.001000,BTCUSD_PERP,-0.00001033,,29283.96
2023-08-01 08:00:00.000000,BTCUSD_PERP,0.00007963,,28994.91
2023-08-01 16:00:00.000000,BTCUSD_PERP,0.00010000,,28936.0
2023-08-02 00:00:00.000000,BTCUSD_PERP,0.00010000,,29822.03
2023-08-02 08:00:00.000000,BTCUSD_PERP,0.00010000,,29489.55
2023-08-02 16:00:00.000000,BTCUSD_PERP,0.00010000,,29025.91
2023-08-03 00:00:00.000000,BTCUSD_PERP,0.00010000,,29170.68
2023-08-03 08:00:00.000000,BTCUSD_PERP,0.00010000,,29122.03
2023-08-03 16:00:00.000000,BTCUSD_PERP,0.00010000,,29302.55
2023-08-04 00:00:00.000000,BTCUSD_PERP,0.00010000,,29232.94
2023-08-04 08:00:00.000000,BTCUSD_PERP,0.00010000,,29186.27
2023-08-04 16:00:00.000000,BTCUSD_PERP,0.00010000,,29265.38
2023-08-05 00:00:00.000000,BTCUSD_PERP,0.00010000,,29118.48
2023-08-05 08:00:00.000000,BTCUSD_PERP,0.00010000,,29088.39
2023-08-05 16:00:00.000000,BTCUSD_PERP,0.00010000,,29032.73
2023-08-06 00:00:00.000000,BTCUSD_PERP,0.00010000,,29067.5
2023-08-06 08:00:00.001000,BTCUSD_PERP,0.00010000,,29112.25
2023-08-06 16:00:00.005000,BTCUSD_PERP,0.00010000,,29089.31
2023-08-07 00:00:00.000000,BTCUSD_PERP,0.00010000,,29055.99
2023-08-07 08:00:00.000000,BTCUSD_PERP,0.00010000,,29063.01
2023-08-07 16:00:00.000000,BTCUSD_PERP,0.00010000,,28938.0
2023-08-08 00:00:00.001000,BTCUSD_PERP,0.00010000,,29260.1
2023-08-08 08:00:00.000000,BTCUSD_PERP,0.00010000,,29182.01
2023-08-08 16:00:00.000000,BTCUSD_PERP,0.00010000,,29748.0
2023-08-09 00:00:00.000000,BTCUSD_PERP,0.00010000,,29782.01
2023-08-09 08:00:00.000000,BTCUSD_PERP,0.00010000,,29836.4
2023-08-09 16:00:00.000000,BTCUSD_PERP,0.00010000,,29513.42
2023-08-10 00:00:00.000000,BTCUSD_PERP,0.00010000,,29620.0
2023-08-10 08:00:00.000000,BTCUSD_PERP,0.00010000,,29519.2
2023-08-10 16:00:00.001000,BTCUSD_PERP,0.00010000,,29431.15
2023-08-11 00:00:00.000000,BTCUSD_PERP,0.00010000,,29481.66
2023-08-11 08:00:00.000000,BTCUSD_PERP,0.00010000,,29413.22
2023-08-11 16:00:00.000000,BTCUSD_PERP,0.00010000,,29361.77
2023-08-12 00:00:00.000000,BTCUSD_PERP,0.00010000,,29454.73
2023-08-12 08:00:00.000000,BTCUSD_PERP,0.00010000,,29392.99
2023-08-12 16:00:00.000000,BTCUSD_PERP,0.00010000,,29456.74
2023-08-13 00:00:00.000000,BTCUSD_PERP,0.00010000,,29449.99
2023-08-13 08:00:00.000000,BTCUSD_PERP,0.00010000,,29414.53
2023-08-13 16:00:00.000000,BTCUSD_PERP,0.00010000,,29353.59
2023-08-14 00:00:00.000000,BTCUSD_PERP,0.00010000,,29266.0
2023-08-14 08:00:00.000000,BTCUSD_PERP,0.00010000,,29426.5
2023-08-14 16:00:00.000000,BTCUSD_PERP,0.00010000,,29653.99
2023-08-15 00:00:00.000000,BTCUSD_PERP,0.00010000,,29433.88
2023-08-15 08:00:00.000000,BTCUSD_PERP,0.00010000,,29426.15
2023-08-15 16:00:00.000000,BTCUSD_PERP,0.00010000,,29282.82
2023-08-16 00:00:00.000000,BTCUSD_PERP,0.00010000,,29224.37
2023-08-16 08:00:00.000000,BTCUSD_PERP,0.00010000,,29179.96
2023-08-16 16:00:00.001000,BTCUSD_PERP,0.00010000,,29086.52
2023-08-17 00:00:00.000000,BTCUSD_PERP,0.00010000,,28580.85
2023-08-17 08:00:00.000000,BTCUSD_PERP,0.00010000,,28554.01
2023-08-17 16:00:00.000000,BTCUSD_PERP,0.00010000,,27937.35
2023-08-18 00:00:00.000000,BTCUSD_PERP,-0.00096966,,26737.3
2023-08-18 08:00:00.000000,BTCUSD_PERP,0.00004443,,26591.69
2023-08-18 16:00:00.000000,BTCUSD_PERP,0.00010000,,25904.91
2023-08-19 00:00:00.000000,BTCUSD_PERP,0.00006668,,26099.09
2023-08-19 08:00:00.000000,BTCUSD_PERP,-0.00000760,,25932.97
2023-08-19 16:00:00.000000,BTCUSD_PERP,-0.00001192,,26253.3
2023-08-20 00:00:00.000000,BTCUSD_PERP,-0.00004793,,26181.68
2023-08-20 08:00:00.001000,BTCUSD_PERP,-0.00010623,,26112.0
2023-08-20 16:00:00.000000,BTCUSD_PERP,-0.00003308,,26053.01
2023-08-21 00:00:00.000000,BTCUSD_PERP,0.00000457,,26142.0
2023-08-21 08:00:00.000000,BTCUSD_PERP,0.00006341,,26059.99
2023-08-21 16:00:00.001000,BTCUSD_PERP,-0.00000249,,26015.43
2023-08-22 00:00:00.001000,BTCUSD_PERP,0.00003137,,26100.11
2023-08-22 08:00:00.000000,BTCUSD_PERP,0.00008073,,26061.72
2023-08-22 16:00:00.000000,BTCUSD_PERP,0.00007073,,26020.01
2023-08-23 00:00:00.000000,BTCUSD_PERP,0.00009000,,26040.38
2023-08-23 08:00:00.000000,BTCUSD_PERP,0.00000749,,26037.99
2023-08-23 16:00:00.000000,BTCUSD_PERP,0.00005847,,26396.0
2023-08-24 00:00:00.001000,BTCUSD_PERP,-0.00003668,,26513.66
2023-08-24 08:00:00.000000,BTCUSD_PERP,-0.00005326,,26494.87
2023-08-24 16:00:00.000000,BTCUSD_PERP,0.00010000,,26115.0
2023-08-25 00:00:00.000000,BTCUSD_PERP,-0.00002307,,26138.63
2023-08-25 08:00:00.000000,BTCUSD_PERP,0.00003707,,26093.51
2023-08-25 16:00:00.000000,BTCUSD_PERP,0.00010000,,25935.33
2023-08-26 00:00:00.000000,BTCUSD_PERP,-0.00000432,,26040.27
2023-08-26 08:00:00.000000,BTCUSD_PERP,0.00008387,,26041.9
2023-08-26 16:00:00.000000,BTCUSD_PERP,0.00010000,,26041.93
2023-08-27 00:00:00.000000,BTCUSD_PERP,0.00008332,,26000.01
2023-08-27 08:00:00.000000,BTCUSD_PERP,-0.00003373,,26063.09
2023-08-27 16:00:00.000000,BTCUSD_PERP,0.00004281,,26166.08
2023-08-28 00:00:00.000000,BTCUSD_PERP,-0.00003056,,26023.51
2023-08-28 08:00:00.000000,BTCUSD_PERP,-0.00001044,,25969.72
2023-08-28 16:00:00.000000,BTCUSD_PERP,0.00009027,,26146.92
2023-08-29 00:00:00.000000,BTCUSD_PERP,0.00002547,,26140.44
2023-08-29 08:00:00.001000,BTCUSD_PERP,0.00009226,,25956.43
2023-08-29 16:00:00.000000,BTCUSD_PERP,-0.00016528,,27999.99
2023-08-30 00:00:00.000000,BTCUSD_PERP,-0.00002931,,27622.24
2023-08-30 08:00:00.000000,BTCUSD_PERP,0.00001648,,27470.98
2023-08-30 16:00:00.000000,BTCUSD_PERP,0.00001492,,27155.37
2023-08-31 00:00:00.000000,BTCUSD_PERP,-0.00002281,,27222.13
2023-08-31 08:00:00.000000,BTCUSD_PERP,0.00009921,,27235.08
2023-08-31 16:00:00.000000,BTCUSD_PERP,0.00003750,,26234.23
2023-09-01 00:00:00.000000,BTCUSD_PERP,-0.00004875,,26051.97
2023-09-01 08:00:00.000000,BTCUSD_PERP,0.00004789,,25980.46
2023-09-01 16:00:00.000000,BTCUSD_PERP,0.00010000,,25789.78
2023-09-02 00:00:00.000000,BTCUSD_PERP,0.00010000,,25789.12
2023-09-02 08:00:00.000000,BTCUSD_PERP,0.00001601,,25782.25
2023-09-02 16:00:00.000000,BTCUSD_PERP,-0.00007261,,25861.42
2023-09-03 00:00:00.000000,BTCUSD_PERP,-0.00001218,,25869.99
2023-09-03 08:00:00.000000,BTCUSD_PERP,-0.00006589,,25882.18
2023-09-03 16:00:00.000000,BTCUSD_PERP,0.00007035,,25846.9
2023-09-04 00:00:00.000000,BTCUSD_PERP,0.00007017,,25910.09
2023-09-04 08:00:00.000000,BTCUSD_PERP,0.00010000,,25986.08
2023-09-04 16:00:00.000000,BTCUSD_PERP,0.00005287,,25864.08
2023-09-05 00:00:00.000000,BTCUSD_PERP,0.00004775,,25768.49
2023-09-05 08:00:00.001000,BTCUSD_PERP,0.00010000,,25710.92
2023-09-05 16:00:00.001000,BTCUSD_PERP,0.00010000,,25753.62
2023-09-06 00:00:00.000000,BTCUSD_PERP,0.00004001,,25803.43
2023-09-06 08:00:00.001000,BTCUSD_PERP,0.00009174,,25749.93
2023-09-06 16:00:00.000000,BTCUSD_PERP,0.00003539,,25595.2
2023-09-07 00:00:00.000000,BTCUSD_PERP,0.00009639,,25758.64
2023-09-07 08:00:00.000000,BTCUSD_PERP,0.00001095,,25744.99
2023-09-07 16:00:00.000000,BTCUSD_PERP,0.00009302,,25828.71
2023-09-08 00:00:00.000000,BTCUSD_PERP,-0.00004082,,26359.08
2023-09-08 08:00:00.000000,BTCUSD_PERP,0.00001334,,26200.04
2023-09-08 16:00:00.000000,BTCUSD_PERP,-0.00001874,,25796.69
2023-09-09 00:00:00.000000,BTCUSD_PERP,-0.00007198,,25860.65
2023-09-09 08:00:00.000000,BTCUSD_PERP,0.00001294,,25870.48
2023-09-09 16:00:00.000000,BTCUSD_PERP,0.00000803,,25895.84
2023-09-10 00:00:00.000000,BTCUSD_PERP,0.00000057,,25871.65
2023-09-10 08:00:00.000000,BTCUSD_PERP,-0.00003751,,25863.1
2023-09-10 16:00:00.000000,BTCUSD_PERP,0.00009153,,25791.17
2023-09-11 00:00:00.000000,BTCUSD_PERP,0.00004826,,25726.35
2023-09-11 08:00:00.000000,BTCUSD_PERP,0.00005422,,25805.26
2023-09-11 16:00:00.000000,BTCUSD_PERP,0.00004498,,25185.01
2023-09-12 00:00:00.000000,BTCUSD_PERP,-0.00001315,,25202.39
2023-09-12 08:00:00.000000,BTCUSD_PERP,-0.00000692,,25766.93
2023-09-12 16:00:00.000000,BTCUSD_PERP,-0.00004276,,26109.32
2023-09-13 00:00:00.000000,BTCUSD_PERP,-0.00000560,,25919.51
2023-09-13 08:00:00.000000,BTCUSD_PERP,0.00004186,,25952.88
2023-09-13 16:00:00.000000,BTCUSD_PERP,-0.00002775,,26280.05
2023-09-14 00:00:00.000000,BTCUSD_PERP,-0.00009967,,26522.0
2023-09-14 08:00:00.000000,BTCUSD_PERP,0.00002333,,26306.51
2023-09-14 16:00:00.000000,BTCUSD_PERP,-0.00008351,,26621.67
2023-09-15 00:00:00.000000,BTCUSD_PERP,-0.00005562,,26481.44
2023-09-15 08:00:00.000000,BTCUSD_PERP,-0.00004037,,26633.41
2023-09-15 16:00:00.000000,BTCUSD_PERP,0.00005262,,26379.97
2023-09-16 00:00:00.000000,BTCUSD_PERP,-0.00000606,,26630.17
2023-09-16 08:00:00.000000,BTCUSD_PERP,-0.00003779,,26508.08
2023-09-16 16:00:00.000000,BTCUSD_PERP,-0.00006127,,26527.19
2023-09-17 00:00:00.000000,BTCUSD_PERP,-0.00010383,,26468.67
2023-09-17 08:00:00.000000,BTCUSD_PERP,-0.00008842,,26551.14
2023-09-17 16:00:00.000000,BTCUSD_PERP,-0.00006427,,26511.23
2023-09-18 00:00:00.000000,BTCUSD_PERP,-0.00000207,,26462.41
2023-09-18 08:00:00.000000,BTCUSD_PERP,0.00002077,,26724.8
2023-09-18 16:00:00.001000,BTCUSD_PERP,0.00003575,,27246.0
2023-09-19 00:00:00.000000,BTCUSD_PERP,-0.00001227,,26677.12
2023-09-19 08:00:00.000000,BTCUSD_PERP,-0.00013685,,27066.74
2023-09-19 16:00:00.000000,BTCUSD_PERP,0.00010000,,27285.72
2023-09-20 00:00:00.001000,BTCUSD_PERP,-0.00003128,,27206.68
2023-09-20 08:00:00.000000,BTCUSD_PERP,0.00000668,,27188.4
2023-09-20 16:00:00.000000,BTCUSD_PERP,0.00006088,,27161.15
2023-09-21 00:00:00.001000,BTCUSD_PERP,0.00002392,,27046.33
2023-09-21 08:00:00.000000,BTCUSD_PERP,-0.00000320,,26926.74
2023-09-21 16:00:00.000000,BTCUSD_PERP,0.00010000,,26583.82
2023-09-22 00:00:00.000000,BTCUSD_PERP,-0.00006227,,26643.38
2023-09-22 08:00:00.000000,BTCUSD_PERP,0.00005581,,26672.82
2023-09-22 16:00:00.000000,BTCUSD_PERP,0.00009401,,26597.89
2023-09-23 00:00:00.000000,BTCUSD_PERP,0.00008335,,26603.1
2023-09-23 08:00:00.000000,BTCUSD_PERP,0.00002418,,26573.6
2023-09-23 16:00:00.000000,BTCUSD_PERP,0.00000530,,26606.31
2023-09-24 00:00:00.000000,BTCUSD_PERP,0.00003547,,26567.07
2023-09-24 08:00:00.000000,BTCUSD_PERP,0.00002692,,26590.0
2023-09-24 16:00:00.000000,BTCUSD_PERP,0.00003981,,26573.1
2023-09-25 00:00:00.000000,BTCUSD_PERP,-0.00004121,,26248.17
2023-09-25 08:00:00.000000,BTCUSD_PERP,0.00010000,,26142.99
2023-09-25 16:00:00.000000,BTCUSD_PERP,0.00010000,,26324.78
2023-09-26 00:00:00.000000,BTCUSD_PERP,0.00001517,,26266.0
2023-09-26 08:00:00.001000,BTCUSD_PERP,0.00007387,,26274.29
2023-09-26 16:00:00.000000,BTCUSD_PERP,0.00010000,,26217.95
2023-09-27 00:00:00.000000,BTCUSD_PERP,0.00010000,,26257.54
2023-09-27 08:00:00.000000,BTCUSD_PERP,0.00010000,,26259.81
2023-09-27 16:00:00.000000,BTCUSD_PERP,0.00010000,,26241.07
2023-09-28 00:00:00.000000,BTCUSD_PERP,0.00010000,,26446.73
2023-09-28 08:00:00.000000,BTCUSD_PERP,0.00010000,,26410.0
2023-09-28 16:00:00.000000,BTCUSD_PERP,0.00005500,,27059.99
2023-09-29 00:00:00.000000,BTCUSD_PERP,0.00001308,,27066.78
2023-09-29 08:00:00.000000,BTCUSD_PERP,0.00010000,,27003.58
2023-09-29 16:00:00.000000,BTCUSD_PERP,0.00007436,,26875.0
2023-09-30 00:00:00.000000,BTCUSD_PERP,0.00004072,,26936.11
2023-09-30 08:00:00.000000,BTCUSD_PERP,-0.00002973,,26929.09
2023-09-30 16:00:00.000000,BTCUSD_PERP,-0.00002769,,27020.92
2023-10-01 00:00:00.000000,BTCUSD_PERP,-0.00007964,,26991.07
2023-10-01 08:00:00.001000,BTCUSD_PERP,-0.00002430,,27135.47
2023-10-01 16:00:00.000000,BTCUSD_PERP,0.00003405,,27112.19
2023-10-02 00:00:00.000000,BTCUSD_PERP,0.00010000,,27932.05
2023-10-02 08:00:00.000000,BTCUSD_PERP,-0.00000508,,28280.94
2023-10-02 16:00:00.000000,BTCUSD_PERP,-0.00014760,,27999.15
2023-10-03 00:00:00.000000,BTCUSD_PERP,0.00009370,,27430.0
2023-10-03 08:00:00.000000,BTCUSD_PERP,0.00007806,,27595.14
2023-10-03 16:00:00.000000,BTCUSD_PERP,0.00005313,,27385.44
2023-10-04 00:00:00.000000,BTCUSD_PERP,0.00004671,,27310.43
2023-10-04 08:00:00.000000,BTCUSD_PERP,0.00004291,,27519.93
2023-10-04 16:00:00.000000,BTCUSD_PERP,0.00007950,,27524.06
2023-10-05 00:00:00.000000,BTCUSD_PERP,-0.00005494,,27811.78
2023-10-05 08:00:00.000000,BTCUSD_PERP,-0.00004463,,27649.63
2023-10-05 16:00:00.000000,BTCUSD_PERP,-0.00014373,,27446.63
2023-10-06 00:00:00.000000,BTCUSD_PERP,-0.00001116,,27457.17
2023-10-06 08:00:00.001000,BTCUSD_PERP,-0.00006170,,27616.68
2023-10-06 16:00:00.000000,BTCUSD_PERP,-0.00010172,,27877.74
2023-10-07 00:00:00.001000,BTCUSD_PERP,-0.00002043,,27912.91
2023-10-07 08:00:00.000000,BTCUSD_PERP,-0.00007109,,28006.61
2023-10-07 16:00:00.001000,BTCUSD_PERP,0.00003553,,27940.88
2023-10-08 00:00:00.000000,BTCUSD_PERP,-0.00000052,,27964.93
2023-10-08 08:00:00.000000,BTCUSD_PERP,0.00000412,,27911.55
2023-10-08 16:00:00.000000,BTCUSD_PERP,0.00002711,,27912.59
2023-10-09 00:00:00.000000,BTCUSD_PERP,0.00000697,,27822.13
2023-10-09 08:00:00.001000,BTCUSD_PERP,0.00010000,,27745.76
2023-10-09 16:00:00.000000,BTCUSD_PERP,0.00010000,,27403.03
2023-10-10 00:00:00.000000,BTCUSD_PERP,0.00010000,,27553.16
2023-10-10 08:00:00.000000,BTCUSD_PERP,0.00010000,,27677.1
2023-10-10 16:00:00.000000,BTCUSD_PERP,0.00010000,,27432.75
2023-10-11 00:00:00.000000,BTCUSD_PERP,0.00010000,,27462.46
2023-10-11 08:00:00.000000,BTCUSD_PERP,-0.00001324,,27108.43
2023-10-11 16:00:00.001000,BTCUSD_PERP,0.00010000,,26682.69
2023-10-12 00:00:00.001000,BTCUSD_PERP,0.00010000,,26801.73
2023-10-12 08:00:00.000000,BTCUSD_PERP,0.00006238,,26802.8
2023-10-12 16:00:00.000000,BTCUSD_PERP,0.00010000,,26673.36
2023-10-13 00:00:00.001000,BTCUSD_PERP,0.00007129,,26829.56
2023-10-13 08:00:00.000000,BTCUSD_PERP,0.00010000,,26796.02
2023-10-13 16:00:00.000000,BTCUSD_PERP,0.00008674,,26796.73
2023-10-14 00:00:00.000000,BTCUSD_PERP,-0.00000102,,26892.46
2023-10-14 08:00:00.001000,BTCUSD_PERP,0.00005028,,26866.04
2023-10-14 16:00:00.000000,BTCUSD_PERP,0.00005267,,26926.58
2023-10-15 00:00:00.000000,BTCUSD_PERP,-0.00004398,,26848.76
2023-10-15 08:00:00.000000,BTCUSD_PERP,0.00000912,,26905.79
2023-10-15 16:00:00.000000,BTCUSD_PERP,0.00003488,,26930.29
2023-10-16 00:00:00.000000,BTCUSD_PERP,-0.00002361,,27141.88
2023-10-16 08:00:00.000000,BTCUSD_PERP,-0.00002925,,27809.84
2023-10-16 16:00:00.000000,BTCUSD_PERP,0.00007672,,28087.99
2023-10-17 00:00:00.000000,BTCUSD_PERP,-0.00005227,,28278.09
2023-10-17 08:00:00.000000,BTCUSD_PERP,-0.00006473,,28437.35
2023-10-17 16:00:00.000000,BTCUSD_PERP,-0.00012130,,28584.81
2023-10-18 00:00:00.000000,BTCUSD_PERP,-0.00010255,,28376.34
2023-10-18 08:00:00.000000,BTCUSD_PERP,0.00003329,28560.0,28561.51
2023-10-18 16:00:00.000000,BTCUSD_PERP,-0.00000874,28345.4,28349.24
2023-10-19 00:00:00.000000,BTCUSD_PERP,-0.00010335,28382.91028692,28388.48
2023-10-19 08:00:00.000000,BTCUSD_PERP,-0.00007604,28318.5,28325.21
2023-10-19 16:00:00.000000,BTCUSD_PERP,-0.00010663,28615.25160591,28620.01
2023-10-20 00:00:00.000000,BTCUSD_PERP,-0.00010057,28643.32630219,28640.0
2023-10-20 08:00:00.004000,BTCUSD_PERP,-0.00000444,29736.6,29731.84
2023-10-20 16:00:00.000000,BTCUSD_PERP,0.00004040,29494.4,29492.87
2023-10-21 00:00:00.000000,BTCUSD_PERP,-0.00004060,29629.2,29628.16
2023-10-21 08:00:00.000000,BTCUSD_PERP,0.00004589,29666.2963873,29662.3
2023-10-21 16:00:00.000000,BTCUSD_PERP,0.00002827,29865.23335658,29867.41
2023-10-22 00:00:00.000000,BTCUSD_PERP,0.00001501,29970.89542228,29971.78
2023-10-22 08:00:00.000000,BTCUSD_PERP,0.00005591,29839.34643568,29832.09
2023-10-22 16:00:00.000000,BTCUSD_PERP,0.00007488,29874.6,29869.99
2023-10-23 00:00:00.000000,BTCUSD_PERP,0.00010000,30129.50408515,30120.0
2023-10-23 08:00:00.000000,BTCUSD_PERP,0.00010000,30690.96041505,30686.78
2023-10-23 16:00:00.000000,BTCUSD_PERP,0.00001933,31215.7,31212.19
2023-10-24 00:00:00.000000,BTCUSD_PERP,0.00010000,33537.95383522,33519.01
2023-10-24 08:00:00.000000,BTCUSD_PERP,0.00010000,34132.38174211,34124.68
2023-10-24 16:00:00.000000,BTCUSD_PERP,0.00010000,33941.55152197,33938.92
2023-10-25 00:00:00.000000,BTCUSD_PERP,0.00010000,34029.27275571,34026.32
2023-10-25 08:00:00.000000,BTCUSD_PERP,0.00010000,33950.40624097,33948.54
2023-10-25 16:00:00.000000,BTCUSD_PERP,0.00010000,34496.32129367,34480.71
2023-10-26 00:00:00.000000,BTCUSD_PERP,0.00010000,34671.1,34660.0
2023-10-26 08:00:00.000000,BTCUSD_PERP,0.00010000,34533.7,34520.85
2023-10-26 16:00:00.000000,BTCUSD_PERP,0.00010000,33769.35332997,33773.63
2023-10-27 00:00:00.000000,BTCUSD_PERP,0.00010000,34024.2,34015.27
2023-10-27 08:00:00.000000,BTCUSD_PERP,0.00010000,34103.2,34084.72
2023-10-27 16:00:00.000000,BTCUSD_PERP,0.00010000,33877.39226623,33871.26
2023-10-28 00:00:00.000000,BTCUSD_PERP,0.00010000,33904.95468833,33888.72
2023-10-28 08:00:00.000000,BTCUSD_PERP,0.00010000,34107.3,34090.0
2023-10-28 16:00:00.000000,BTCUSD_PERP,0.00010000,34151.38912805,34135.13
2023-10-29 00:00:00.000000,BTCUSD_PERP,0.00010000,34091.9,34075.99
2023-10-29 08:00:00.000000,BTCUSD_PERP,0.00010000,34271.9,34241.64
2023-10-29 16:00:00.000000,BTCUSD_PERP,0.00010000,34424.9,34397.24
2023-10-30 00:00:00.000000,BTCUSD_PERP,0.00010000,34483.4,34460.02
2023-10-30 08:00:00.000000,BTCUSD_PERP,0.00010000,34409.7,34385.32
2023-10-30 16:00:00.000000,BTCUSD_PERP,0.00010000,34483.01738557,34459.03
2023-10-31 00:00:00.000000,BTCUSD_PERP,0.00010000,34556.92944201,34511.89
2023-10-31 08:00:00.000000,BTCUSD_PERP,0.00010000,34430.58261039,34400.92
2023-10-31 16:00:00.000000,BTCUSD_PERP,0.00010000,34463.9,34425.6
2023-11-01 00:00:00.001000,BTCUSD_PERP,0.00010000,34548.70673387,34507.68
2023-11-01 08:00:00.000000,BTCUSD_PERP,0.00010000,34470.1,34440.17
2023-11-01 16:00:00.000000,BTCUSD_PERP,0.00020710,34492.9,34458.63
2023-11-02 00:00:00.000000,BTCUSD_PERP,0.00027082,35466.3,35423.29
2023-11-02 08:00:00.000000,BTCUSD_PERP,0.00015694,35356.06383412,35318.14
2023-11-02 16:00:00.000000,BTCUSD_PERP,0.00010000,34657.68637161,34646.0
2023-11-03 00:00:00.000000,BTCUSD_PERP,0.00010000,34521.2088727,34510.29
2023-11-03 08:00:00.000000,BTCUSD_PERP,0.00010000,34448.82034048,34428.07
2023-11-03 16:00:00.000000,BTCUSD_PERP,0.00010000,34666.6,34665.96
2023-11-04 00:00:00.000000,BTCUSD_PERP,0.00010000,34701.2,34696.65
2023-11-04 08:00:00.000000,BTCUSD_PERP,0.00010000,34856.89147548,34854.42
2023-11-04 16:00:00.000000,BTCUSD_PERP,0.00010000,34703.3227294,34694.51
2023-11-05 00:00:00.000000,BTCUSD_PERP,0.00010000,35001.5906455,34978.05
2023-11-05 08:00:00.000000,BTCUSD_PERP,0.00010000,35050.46975718,35024.2
2023-11-05 16:00:00.000000,BTCUSD_PERP,0.00010000,34989.01686405,34954.59
2023-11-06 00:00:00.000000,BTCUSD_PERP,0.00010000,35083.97956692,35054.99
2023-11-06 08:00:00.001000,BTCUSD_PERP,0.00010000,34989.21879648,34955.34
2023-11-06 16:00:00.000000,BTCUSD_PERP,0.00010000,34991.74616147,34967.24
2023-11-07 00:00:00.000000,BTCUSD_PERP,0.00010000,34938.07125062,34924.9
2023-11-07 08:00:00.000000,BTCUSD_PERP,0.00010000,34923.47213188,34906.03
2023-11-07 16:00:00.000000,BTCUSD_PERP,0.00010000,34680.4,34673.84
2023-11-08 00:00:00.000000,BTCUSD_PERP,0.00010000,35376.9,35359.82
2023-11-08 08:00:00.000000,BTCUSD_PERP,0.00010000,35307.65979107,35299.92
2023-11-08 16:00:00.000000,BTCUSD_PERP,0.00010000,35419.81169251,35406.42
2023-11-09 00:00:00.000000,BTCUSD_PERP,0.00010000,35875.72201431,35856.68
2023-11-09 08:00:00.000000,BTCUSD_PERP,0.00010000,36696.26690518,36664.19
2023-11-09 16:00:00.000000,BTCUSD_PERP,0.00010306,36367.82430314,36337.07
2023-11-10 00:00:00.000000,BTCUSD_PERP,0.00010000,36509.03215322,36494.67
2023-11-10 08:00:00.000000,BTCUSD_PERP,0.00021840,36549.1,36516.3
2023-11-10 16:00:00.000000,BTCUSD_PERP,0.00010000,37414.16706676,37377.46
2023-11-11 00:00:00.000000,BTCUSD_PERP,0.00010000,37326.43462817,37296.73
2023-11-11 08:00:00.000000,BTCUSD_PERP,0.00010000,36994.66555489,36967.16
2023-11-11 16:00:00.000000,BTCUSD_PERP,0.00010000,37163.9,37129.8
2023-11-12 00:00:00.000000,BTCUSD_PERP,0.00010000,36937.86228399,36906.86
2023-11-12 08:00:00.001000,BTCUSD_PERP,0.00010000,37133.43087624,37095.84
2023-11-12 16:00:00.000000,BTCUSD_PERP,0.00010000,37152.61983317,37109.99
2023-11-13 00:00:00.000000,BTCUSD_PERP,0.00020002,37151.34307003,37096.48
2023-11-13 08:00:00.000000,BTCUSD_PERP,0.00010000,37053.24399154,37023.33
2023-11-13 16:00:00.000000,BTCUSD_PERP,0.00010000,36889.15543107,36857.73
2023-11-14 00:00:00.000000,BTCUSD_PERP,0.00010000,36256.33592825,36245.49
2023-11-14 08:00:00.000000,BTCUSD_PERP,0.00010000,36762.05741412,36733.34
2023-11-14 16:00:00.000000,BTCUSD_PERP,0.00010000,36299.60018776,36268.9
2023-11-15 00:00:00.000000,BTCUSD_PERP,0.00010000,35526.0,35496.78
2023-11-15 08:00:00.001000,BTCUSD_PERP,0.00012568,35822.86341706,35792.11
2023-11-15 16:00:00.000000,BTCUSD_PERP,0.00010000,36394.0,36372.01
2023-11-16 00:00:00.000000,BTCUSD_PERP,0.00010000,37796.9,37765.63
2023-11-16 08:00:00.000000,BTCUSD_PERP,0.00010000,37322.9,37300.4
2023-11-16 16:00:00.000000,BTCUSD_PERP,0.00010000,36580.78681814,36564.09
2023-11-17 00:00:00.000000,BTCUSD_PERP,0.00010000,36384.3,36368.01
2023-11-17 08:00:00.000000,BTCUSD_PERP,0.00010000,36410.10078127,36402.63
2023-11-17 16:00:00.000000,BTCUSD_PERP,0.00010000,35993.80702464,35978.95
2023-11-18 00:00:00.000000,BTCUSD_PERP,0.00010000,36415.9,36400.01
2023-11-18 08:00:00.000000,BTCUSD_PERP,0.00010000,36463.81308761,36448.01
2023-11-18 16:00:00.000000,BTCUSD_PERP,0.00010000,36693.0,36674.0
2023-11-19 00:00:00.000000,BTCUSD_PERP,0.00010000,36482.89680839,36464.69
2023-11-19 08:00:00.000000,BTCUSD_PERP,0.00010000,36640.39367472,36615.99
2023-11-19 16:00:00.001000,BTCUSD_PERP,0.00010000,36574.5,36557.98
2023-11-20 00:00:00.000000,BTCUSD_PERP,0.00010000,37316.2,37299.34
2023-11-20 08:00:00.000000,BTCUSD_PERP,0.00010000,37135.10387717,37123.95
2023-11-20 16:00:00.000000,BTCUSD_PERP,0.00010000,37259.50333643,37234.83
2023-11-21 00:00:00.000000,BTCUSD_PERP,0.00010000,37413.2,37394.17
2023-11-21 08:00:00.000000,BTCUSD_PERP,0.00010000,37422.48384374,37407.62
2023-11-21 16:00:00.000000,BTCUSD_PERP,0.00010000,37195.11597164,37194.8
2023-11-22 00:00:00.000000,BTCUSD_PERP,0.00010000,36103.1,36108.17
2023-11-22 08:00:00.000000,BTCUSD_PERP,0.00010000,36562.2971711,36560.22
2023-11-22 16:00:00.000000,BTCUSD_PERP,0.00010000,36472.5,36469.87
2023-11-23 00:00:00.000000,BTCUSD_PERP,0.00010000,37325.96105977,37302.22
2023-11-23 08:00:00.000000,BTCUSD_PERP,0.00010000,37509.82219535,37500.0
2023-11-23 16:00:00.001000,BTCUSD_PERP,0.00010000,37088.4,37084.0
2023-11-24 00:00:00.000000,BTCUSD_PERP,0.00010000,37296.1,37294.47
2023-11-24 08:00:00.000000,BTCUSD_PERP,0.00010000,37455.69044807,37437.9
2023-11-24 16:00:00.006000,BTCUSD_PERP,0.00010000,37759.22452879,37725.99
2023-11-25 00:00:00.000000,BTCUSD_PERP,0.00010000,37741.5210452,37717.99
2023-11-25 08:00:00.000000,BTCUSD_PERP,0.00010000,37782.7,37761.1
2023-11-25 16:00:00.000000,BTCUSD_PERP,0.00010000,37761.56923179,37739.01
2023-11-26 00:00:00.001000,BTCUSD_PERP,0.00010000,37760.9,37742.1
2023-11-26 08:00:00.000000,BTCUSD_PERP,0.00010000,37778.07920908,37755.48
2023-11-26 16:00:00.000000,BTCUSD_PERP,0.00010000,37234.6,37226.52
2023-11-27 00:00:00.000000,BTCUSD_PERP,0.00010000,37505.7,37486.4
2023-11-27 08:00:00.000000,BTCUSD_PERP,0.00010000,37348.06497065,37338.14
2023-11-27 16:00:00.000000,BTCUSD_PERP,0.00010000,37073.9,37077.8
2023-11-28 00:00:00.000000,BTCUSD_PERP,0.00010000,37267.20751027,37258.13
2023-11-28 08:00:00.000000,BTCUSD_PERP,0.00010000,36944.93097138,36940.54
2023-11-28 16:00:00.000000,BTCUSD_PERP,0.00010000,37889.69089026,37877.57
