fundingTime,Funding Rate,Position,Funding+Basis P&L,Cash Balance
2024-01-01 00:00:00.000,0.00037711,ARB,0.37711,1000.37711
2024-01-01 08:00:00.000,0.00020162,ARB,0.2016960329182,1000.5788060329182
2024-01-01 16:00:00.000,0.0002801,ARB,0.2802621235698204,1000.8590681564881
2024-01-02 00:00:00.000,0.00059009,ARB,0.590596927528462,1001.4496650840166
2024-01-02 08:00:00.000,0.00036388,ARB,0.364407504130772,1001.8140725881474
2024-01-02 16:00:00.000,0.00033397,ARB,0.3345758458222636,1002.1486484339697
2024-01-03 00:00:00.000,0.0001,ARB,0.10021486484339698,1002.2488632988131
2024-01-03 08:00:00.000,0.00013201,ARB,0.13230687244407632,1002.3811701712573
2024-01-03 16:00:00.000,0.0001,ARB,0.10023811701712573,1002.4814082882745
2024-01-04 00:00:00.000,0.0001,ARB,0.10024814082882745,1002.5816564291033
2024-01-04 08:00:00.000,0.0001,ARB,0.10025816564291033,1002.6819145947462
2024-01-04 16:00:00.000,0.0001,ARB,0.10026819145947463,1002.7821827862057
2024-01-05 00:00:00.000,-8.453e-05,Cash,-3.571581670964206,999.2106011152415
2024-01-05 08:00:00.000,0.0001,ARB,0.09992106011152416,999.3105221753531
2024-01-05 16:00:00.000,0.0001,ARB,0.09993105221753532,999.4104532275707
2024-01-06 00:00:00.000,-9.72e-05,Cash,-4.7448991221024786,994.6655541054682
2024-01-06 08:00:00.000,1.185e-05,ARB,0.0117867868161498,994.6773408922844
2024-01-06 16:00:00.000,1.285e-05,ARB,0.012781603830465855,994.6901224961149
2024-01-07 00:00:00.000,-4.106e-05,Cash,2.637187843032918,997.3273103391479
2024-01-07 08:00:00.000,0.0001,ARB,0.09973273103391479,997.4270430701818
2024-01-07 16:00:00.000,0.0001,ARB,0.09974270430701818,997.5267857744888
2024-01-08 00:00:00.000,2.01e-06,ARB,0.0020050288394067224,997.5287908033282
2024-01-08 08:00:00.000,8.872e-05,ARB,0.08850075432007128,997.6172915576483
2024-01-08 16:00:00.000,4.837e-05,ARB,0.048254748392643446,997.6655463060409
2024-01-09 00:00:00.000,0.0001,ARB,0.0997665546306041,997.7653128606715
2024-01-09 08:00:00.000,0.0001,ARB,0.09977653128606716,997.8650893919576
2024-01-09 16:00:00.000,0.0001,ARB,0.09978650893919576,997.9648759008968
2024-01-10 00:00:00.000,0.0001,ARB,0.09979648759008969,998.0646723884869
2024-01-10 08:00:00.000,0.0001,ARB,0.09980646723884869,998.1644788557257
2024-01-10 16:00:00.000,0.0001,ARB,0.09981644788557258,998.2642953036113
2024-01-11 00:00:00.000,0.0001,ARB,0.09982642953036114,998.3641217331417
2024-01-11 08:00:00.000,0.0001,ARB,0.09983641217331417,998.463958145315
2024-01-11 16:00:00.000,0.0001,ARB,0.0998463958145315,998.5638045411296
2024-01-12 00:00:00.001,0.0001,ARB,0.09985638045411296,998.6636609215836
2024-01-12 08:00:00.000,0.0001,ARB,0.09986636609215836,998.7635272876759
2024-01-12 16:00:00.000,0.0001,ARB,0.09987635272876759,998.8634036404046
2024-01-13 00:00:00.000,0.0001,ARB,0.09988634036404047,998.9632899807686
2024-01-13 08:00:00.000,0.0001,ARB,0.09989632899807686,999.0631863097667
2024-01-13 16:00:00.000,0.0001,ARB,0.09990631863097668,999.1630926283976
2024-01-14 00:00:00.000,4.024e-05,ARB,0.04020632284736672,999.203298951245
2024-01-14 08:00:00.000,0.0001,ARB,0.0999203298951245,999.3032192811401
2024-01-14 16:00:00.000,0.0001,ARB,0.099930321928114,999.4031496030682
2024-01-15 00:00:00.000,8.34e-05,ARB,0.08335022267689587,999.4864998257451
2024-01-15 08:00:00.000,2.207e-05,ARB,0.022058667051154196,999.5085584927963
2024-01-15 16:00:00.001,0.0001,ARB,0.09995085584927964,999.6085093486456
2024-01-16 00:00:00.000,0.0001,ARB,0.09996085093486456,999.7084701995805
2024-01-16 08:00:00.000,0.0001,ARB,0.09997084701995805,999.8084410466004
2024-01-16 16:00:00.000,0.0001,ARB,0.09998084410466004,999.908421890705
2024-01-17 00:00:00.000,0.0001,ARB,0.0999908421890705,1000.008412732894
2024-01-17 08:00:00.000,2.595e-05,ARB,0.0259502183104186,1000.0343629512045
2024-01-17 16:00:00.000,0.0001,ARB,0.10000343629512046,1000.1343663874995
2024-01-18 00:00:00.000,0.0001,ARB,0.10001343663874995,1000.2343798241383
2024-01-18 08:00:00.001,0.0001,ARB,0.10002343798241384,1000.3344032621206
2024-01-18 16:00:00.000,0.0001,ARB,0.10003344032621207,1000.4344367024469
2024-01-19 00:00:00.000,0.0001,ARB,0.10004344367024469,1000.5344801461171
2024-01-19 08:00:00.000,0.0001,ARB,0.10005344801461172,1000.6345335941317
2024-01-19 16:00:00.002,0.0001,ARB,0.10006345335941318,1000.7345970474911
2024-01-20 00:00:00.000,0.0001,ARB,0.10007345970474911,1000.8346705071958
2024-01-20 08:00:00.000,0.0001,ARB,0.10008346705071959,1000.9347539742465
2024-01-20 16:00:00.000,0.0001,ARB,0.10009347539742465,1001.034847449644
2024-01-21 00:00:00.000,0.0001,ARB,0.1001034847449644,1001.1349509343889
2024-01-21 08:00:00.001,0.0001,ARB,0.10011349509343889,1001.2350644294823
2024-01-21 16:00:00.000,0.0001,ARB,0.10012350644294823,1001.3351879359253
2024-01-22 00:00:00.000,0.0001,ARB,0.10013351879359254,1001.4353214547189
2024-01-22 08:00:00.000,0.0001,ARB,0.10014353214547189,1001.5354649868643
2024-01-22 16:00:00.000,0.0001,ARB,0.10015354649868644,1001.635618533363
2024-01-23 00:00:00.000,0.0001,ARB,0.1001635618533363,1001.7357820952163
2024-01-23 08:00:00.000,0.0001,ARB,0.10017357820952164,1001.8359556734258
2024-01-23 16:00:00.000,0.0001,ARB,0.10018359556734259,1001.9361392689932
2024-01-24 00:00:00.000,0.0001,ARB,0.10019361392689932,1002.0363328829201
2024-01-24 08:00:00.000,0.0001,ARB,0.10020363328829202,1002.1365365162084
2024-01-24 16:00:00.000,0.0001,ARB,0.10021365365162084,1002.23675016986
2024-01-25 00:00:00.001,0.0001,ARB,0.10022367501698601,1002.336973844877
2024-01-25 08:00:00.000,0.0001,ARB,0.1002336973844877,1002.4372075422615
2024-01-25 16:00:00.000,0.0001,ARB,0.10024372075422615,1002.5374512630157
2024-01-26 00:00:00.000,0.0001,ARB,0.10025374512630157,1002.637705008142
2024-01-26 08:00:00.000,0.0001,ARB,0.10026377050081421,1002.7379687786428
2024-01-26 16:00:00.000,0.0001,ARB,0.10027379687786428,1002.8382425755207
2024-01-27 00:00:00.000,0.0001,ARB,0.10028382425755207,1002.9385263997782
2024-01-27 08:00:00.000,0.0001,ARB,0.10029385263997782,1003.0388202524182
2024-01-27 16:00:00.000,5.219e-05,ARB,0.0523485960289737,1003.0911688484472
2024-01-28 00:00:00.001,0.0001,ARB,0.10030911688484473,1003.1914779653321
2024-01-28 08:00:00.000,0.0001,ARB,0.10031914779653321,1003.2917971131286
2024-01-28 16:00:00.000,0.0001,ARB,0.10032917971131286,1003.39212629284
2024-01-29 00:00:00.000,0.0001,ARB,0.100339212629284,1003.4924655054692
2024-01-29 08:00:00.000,0.0001,ARB,0.10034924655054693,1003.5928147520198
2024-01-29 16:00:00.000,0.0001,ARB,0.10035928147520198,1003.693174033495
2024-01-30 00:00:00.000,0.0001,ARB,0.1003693174033495,1003.7935433508983
2024-01-30 08:00:00.000,0.0001,ARB,0.10037935433508983,1003.8939227052334
2024-01-30 16:00:00.000,0.0001,ARB,0.10038939227052335,1003.9943120975039
2024-01-31 00:00:00.001,0.0001,ARB,0.1003994312097504,1004.0947115287137
2024-01-31 08:00:00.000,0.0001,ARB,0.10040947115287137,1004.1951209998665
2024-01-31 16:00:00.000,0.0001,ARB,0.10041951209998666,1004.2955405119665
2024-02-01 00:00:00.000,0.0001,ARB,0.10042955405119665,1004.3959700660176
2024-02-01 08:00:00.000,0.0001,ARB,0.10043959700660177,1004.4964096630242
2024-02-01 16:00:00.002,0.0001,ARB,0.10044964096630243,1004.5968593039905
2024-02-02 00:00:00.000,0.0001,ARB,0.10045968593039906,1004.697318989921
2024-02-02 08:00:00.000,0.0001,ARB,0.1004697318989921,1004.79778872182
2024-02-02 16:00:00.000,0.0001,ARB,0.100479778872182,1004.8982685006922
2024-02-03 00:00:00.000,7.645e-05,ARB,0.07682447262687792,1004.9750929733191
2024-02-03 08:00:00.000,1.47e-05,ARB,0.01477313386670779,1004.9898661071858
2024-02-03 16:00:00.000,6.306e-05,ARB,0.06337466095671913,1005.0532407681425
2024-02-04 00:00:00.000,0.0001,ARB,0.10050532407681426,1005.1537460922193
2024-02-04 08:00:00.000,0.0001,ARB,0.10051537460922194,1005.2542614668286
2024-02-04 16:00:00.000,0.0001,ARB,0.10052542614668286,1005.3547868929752
2024-02-05 00:00:00.000,-2.088e-05,Cash,-2.557560522269615,1002.7972263707056
2024-02-05 08:00:00.000,0.0001,ARB,0.10027972263707056,1002.8975060933427
2024-02-05 16:00:00.000,0.0001,ARB,0.10028975060933427,1002.9977958439521
2024-02-06 00:00:00.000,0.0001,ARB,0.10029977958439522,1003.0980956235364
2024-02-06 08:00:00.000,0.0001,ARB,0.10030980956235365,1003.1984054330987
2024-02-06 16:00:00.000,0.0001,ARB,0.10031984054330988,1003.298725273642
2024-02-07 00:00:00.000,0.0001,ARB,0.10032987252736421,1003.3990551461694
2024-02-07 08:00:00.000,3.216e-05,ARB,0.03226931361350081,1003.4313244597829
2024-02-07 16:00:00.000,0.0001,ARB,0.1003431324459783,1003.5316675922289
2024-02-08 00:00:00.000,0.0001,ARB,0.1003531667592229,1003.6320207589881
2024-02-08 08:00:00.000,0.0001,ARB,0.10036320207589881,1003.732383961064
2024-02-08 16:00:00.000,0.0001,ARB,0.1003732383961064,1003.83275719946
2024-02-09 00:00:00.000,0.0001,ARB,0.10038327571994601,1003.93314047518
2024-02-09 08:00:00.000,0.0001,ARB,0.10039331404751801,1004.0335337892276
2024-02-09 16:00:00.000,0.0001,ARB,0.10040335337892277,1004.1339371426066
2024-02-10 00:00:00.000,0.0001,ARB,0.10041339371426065,1004.2343505363208
2024-02-10 08:00:00.000,0.0001,ARB,0.10042343505363209,1004.3347739713744
2024-02-10 16:00:00.000,4.031e-05,ARB,0.0404847347387861,1004.3752587061132
2024-02-11 00:00:00.000,0.0001,ARB,0.10043752587061132,1004.4756962319838
2024-02-11 08:00:00.000,0.0001,ARB,0.10044756962319838,1004.5761438016069
2024-02-11 16:00:00.000,0.0001,ARB,0.1004576143801607,1004.6766014159871
2024-02-12 00:00:00.000,0.0001,ARB,0.10046766014159872,1004.7770690761287
2024-02-12 08:00:00.000,0.0001,ARB,0.10047770690761287,1004.8775467830363
2024-02-12 16:00:00.000,0.00010677,ARB,0.10729077567002479,1004.9848375587063
2024-02-13 00:00:00.000,0.0001,ARB,0.10049848375587064,1005.0853360424621
2024-02-13 08:00:00.000,0.0001,ARB,0.10050853360424622,1005.1858445760664
2024-02-13 16:00:00.000,0.00011406,ARB,0.11465149743234614,1005.3004960734987
2024-02-14 00:00:00.000,0.0001,ARB,0.10053004960734988,1005.401026123106
2024-02-14 08:00:00.000,0.0001,ARB,0.10054010261231061,1005.5015662257183
2024-02-14 16:00:00.000,0.00024137,ARB,0.24269791303990162,1005.7442641387582
2024-02-15 00:00:00.000,0.0001,ARB,0.10057442641387583,1005.8448385651722
2024-02-15 08:00:00.000,0.00013511,ARB,0.13589969613854042,1005.9807382613106
2024-02-15 16:00:00.000,0.0001,ARB,0.10059807382613108,1006.0813363351368
2024-02-16 00:00:00.000,0.00031009,ARB,0.31197576158416257,1006.3933120967209
2024-02-16 08:00:00.000,0.00045448,ARB,0.4573856324817177,1006.8506977292027
2024-02-16 16:00:00.000,0.00041647,ARB,0.41932311008328105,1007.270020839286
2024-02-17 00:00:00.000,0.0001,ARB,0.1007270020839286,1007.3707478413698
2024-02-17 08:00:00.000,0.0001,ARB,0.10073707478413699,1007.4714849161539
2024-02-17 16:00:00.000,0.00016663,ARB,0.16787497353157874,1007.6393598896855
2024-02-18 00:00:00.000,0.00030994,ARB,0.31230774320420907,1007.9516676328897
2024-02-18 08:00:00.000,0.00029854,ARB,0.3009138908551229,1008.2525815237448
2024-02-18 16:00:00.000,0.00030878,ARB,0.3113282321229019,1008.5639097558677
2024-02-19 00:00:00.000,0.0003136,ARB,0.3162856420994401,1008.8801953979671
2024-02-19 08:00:00.000,0.00041467,ARB,0.41835235062567505,1009.2985477485928
2024-02-19 16:00:00.000,0.00028146,ARB,0.2840771692493189,1009.5826249178422
2024-02-20 00:00:00.000,0.0001,ARB,0.10095826249178422,1009.6835831803339
2024-02-20 08:00:00.000,0.0003272,ARB,0.3303684684166052,1010.0139516487505
2024-02-20 16:00:00.000,0.00020029,ARB,0.20229569437572825,1010.2162473431263
2024-02-21 00:00:00.000,0.00018931,ARB,0.19124403778452723,1010.4074913809108
2024-02-21 08:00:00.000,0.0001,ARB,0.10104074913809108,1010.5085321300488
2024-02-21 16:00:00.000,0.0001,ARB,0.10105085321300489,1010.6095829832618
2024-02-22 00:00:00.000,0.00042188,ARB,0.42635597086897853,1011.0359389541308
2024-02-22 08:00:00.000,0.00038078,ARB,0.3849822648349539,1011.4209212189658
2024-02-22 16:00:00.000,0.00034808,ARB,0.3520553942578976,1011.7729766132237
2024-02-23 00:00:00.000,0.0001,ARB,0.10117729766132237,1011.8741539108851
2024-02-23 08:00:00.000,0.0001,ARB,0.10118741539108851,1011.9753413262762
2024-02-23 16:00:00.000,0.00018451,ARB,0.18671957022811123,1012.1620608965043
2024-02-24 00:00:00.000,0.0001,ARB,0.10121620608965043,1012.263277102594
2024-02-24 08:00:00.000,0.00031843,ARB,0.32233499532777904,1012.5856120979217
2024-02-24 16:00:00.001,0.00026867,ARB,0.2720513764023486,1012.8576634743241
2024-02-25 00:00:00.000,0.0001,ARB,0.10128576634743242,1012.9589492406716
2024-02-25 08:00:00.000,0.00030315,ARB,0.30707850546230964,1013.2660277461339
2024-02-25 16:00:00.000,0.00027482,ARB,0.2784657697451925,1013.544493515879
2024-02-26 00:00:00.000,0.00030125,ARB,0.3053302786716585,1013.8498237945507
2024-02-26 08:00:00.000,0.00015163,ARB,0.15373004878196775,1014.0035538433327
2024-02-26 16:00:00.000,0.0001,ARB,0.10140035538433327,1014.1049541987171
2024-02-27 00:00:00.000,0.00015314,ARB,0.15530003268599152,1014.2602542314031
2024-02-27 08:00:00.000,0.00065947,ARB,0.6688742098579834,1014.9291284412611
2024-02-27 16:00:00.000,0.00035117,ARB,0.35641266203471766,1015.2855411032958
2024-02-28 00:00:00.000,0.00033792,ARB,0.34308529004962574,1015.6286263933455
2024-02-28 08:00:00.001,0.00023128,ARB,0.23489458871225294,1015.8635209820577
2024-02-28 16:00:00.000,0.00066515,ARB,0.6757016209812157,1016.539222603039
2024-02-29 00:00:00.000,0.00067732,ARB,0.6885223462534904,1017.2277449492925
2024-02-29 08:00:00.000,0.0009403,ARB,0.9564992485758198,1018.1842441978683
2024-02-29 16:00:00.000,0.00070208,ARB,0.7148467941664394,1018.8990909920348
2024-03-01 00:00:00.000,0.00060069,ARB,0.6120424949680053,1019.5111334870028
2024-03-01 08:00:00.000,0.00059611,ARB,0.6077407817829372,1020.1188742687857
2024-03-01 16:00:00.000,0.00047263,ARB,0.48213878354565615,1020.6010130523314
2024-03-02 00:00:00.000,0.0001,ARB,0.10206010130523314,1020.7030731536366
2024-03-02 08:00:00.000,0.00024549,ARB,0.25057239742848625,1020.9536455510652
2024-03-02 16:00:00.001,0.00068311,ARB,0.6974236448123882,1021.6510691958775
2024-03-03 00:00:00.000,0.0005423,ARB,0.5540413748249244,1022.2051105707025
2024-03-03 08:00:00.000,0.00057456,ARB,0.5873181683295028,1022.792428739032
2024-03-03 16:00:00.000,0.00049753,ARB,0.5088699170705306,1023.3012986561025
2024-03-04 00:00:00.000,0.00041948,ARB,0.4292544287602619,1023.7305530848628
2024-03-04 08:00:00.000,0.00040148,ARB,0.4110073424525107,1024.1415604273152
2024-03-04 16:00:00.000,0.00068712,ARB,0.7037081490008169,1024.845268576316
2024-03-05 00:00:00.000,0.0001,ARB,0.1024845268576316,1024.9477531031735
2024-03-05 08:00:00.002,0.00110239,ARB,1.1298921535434074,1026.0776452567168
2024-03-05 16:00:00.000,0.00067329,ARB,0.6908478177748948,1026.7684930744917
2024-03-06 00:00:00.000,0.00016256,ARB,0.16691148623418936,1026.9354045607258
2024-03-06 08:00:00.000,0.00034982,ARB,0.3592425432234331,1027.2946471039493
2024-03-06 16:00:00.000,0.00049602,ARB,0.509558690856501,1027.8042057948057
2024-03-07 00:00:00.000,0.00040128,ARB,0.41243727170133965,1028.216643066507
2024-03-07 08:00:00.000,0.00022267,ARB,0.22895299991161913,1028.4455960664186
2024-03-07 16:00:00.000,0.0003552,ARB,0.3653038757227919,1028.8108999421413
2024-03-08 00:00:00.000,0.00019823,ARB,0.2039411846955307,1029.014841126837
2024-03-08 08:00:00.000,0.00023164,ARB,0.2383609977986205,1029.2532021246354
2024-03-08 16:00:00.001,0.00055975,ARB,0.5761244798892647,1029.8293266045248
2024-03-09 00:00:00.000,0.0001,ARB,0.10298293266045248,1029.9323095371853
2024-03-09 08:00:00.001,0.0001,ARB,0.10299323095371854,1030.035302768139
2024-03-09 16:00:00.000,0.00020042,ARB,0.20643967538079042,1030.2417424435198
2024-03-10 00:00:00.000,0.00020619,ARB,0.21242554487442936,1030.4541679883941
2024-03-10 08:00:00.000,0.00073722,ARB,0.7596714217244039,1031.2138394101185
2024-03-10 16:00:00.000,0.00062035,ARB,0.6397135052780669,1031.8535529153964
2024-03-11 00:00:00.000,0.00038313,ARB,0.39533405172847585,1032.248886967125
2024-03-11 08:00:00.000,0.00107745,ARB,1.1121965632627286,1033.3610835303878
2024-03-11 16:00:00.000,0.00098585,ARB,1.0187390241984327,1034.379822554586
2024-03-12 00:00:00.000,0.00047095,ARB,0.4871411774320823,1034.8669637320181
2024-03-12 08:00:00.001,0.00057822,ARB,0.5983807757691275,1035.4653445077872
2024-03-12 16:00:00.000,0.00073692,ARB,0.7630551216746785,1036.2283996294618
2024-03-13 00:00:00.000,0.00030843,ARB,0.3196039252977149,1036.5480035547596
2024-03-13 08:00:00.000,0.00055361,ARB,0.5738433402479504,1037.1218468950076
2024-03-13 16:00:00.000,0.0001,ARB,0.10371218468950076,1037.2255590796972
2024-03-14 00:00:00.000,0.0001,ARB,0.10372255590796972,1037.3292816356052
2024-03-14 08:00:00.000,0.00016743,ARB,0.17368004162424935,1037.5029616772295
2024-03-14 16:00:00.002,0.00048628,ARB,0.5045169402044032,1038.007478617434
2024-03-15 00:00:00.000,0.00033098,ARB,0.34355971527279827,1038.3510383327066
2024-03-15 08:00:00.000,0.00034498,ARB,0.3582103412040171,1038.7092486739107
2024-03-15 16:00:00.000,0.00017044,ARB,0.17703760434398133,1038.8862862782546
2024-03-16 00:00:00.001,0.0001,ARB,0.10388862862782547,1038.9901749068824
2024-03-16 08:00:00.001,0.00034539,ARB,0.35885681651108814,1039.3490317233934
2024-03-16 16:00:00.000,0.00027708,ARB,0.2879828297099179,1039.6370145531034
2024-03-17 00:00:00.000,0.00050823,ARB,0.5283747199063238,1040.1653892730099
2024-03-17 08:00:00.000,0.00042096,ARB,0.43786802226836624,1040.6032572952781
2024-03-17 16:00:00.000,0.00039807,ARB,0.4142329386315314,1041.0174902339097
2024-03-18 00:00:00.000,0.00010986,ARB,0.11436618147709732,1041.131856415387
2024-03-18 08:00:00.000,0.0002176,ARB,0.2265502919559882,1041.358406707343
2024-03-18 16:00:00.001,0.00013347,ARB,0.13899010654322907,1041.497396813886
2024-03-19 00:00:00.000,0.0001,ARB,0.10414973968138862,1041.6015465535675
2024-03-19 08:00:00.000,0.0001,ARB,0.10416015465535675,1041.7057067082228
2024-03-19 16:00:00.000,0.00037318,ARB,0.3887437356293746,1042.094450443852
2024-03-20 00:00:00.000,0.0001,ARB,0.10420944504438522,1042.1986598888966
2024-03-20 08:00:00.001,0.0002326,ARB,0.24241540829015734,1042.4410752971867
2024-03-20 16:00:00.000,0.0001,ARB,0.10424410752971867,1042.5453194047163
2024-03-21 00:00:00.000,0.0001,ARB,0.10425453194047164,1042.649573936657
2024-03-21 08:00:00.000,0.0001546,ARB,0.16119362413060714,1042.8107675607876
2024-03-21 16:00:00.000,0.00020652,ARB,0.21536127971665384,1043.0261288405043
2024-03-22 00:00:00.000,0.0001,ARB,0.10430261288405043,1043.1304314533884
2024-03-22 08:00:00.000,0.0001,ARB,0.10431304314533885,1043.2347444965337
2024-03-22 16:00:00.000,0.0001,ARB,0.10432347444965338,1043.3390679709835
2024-03-23 00:00:00.000,0.0001,ARB,0.10433390679709835,1043.4434018777806
2024-03-23 08:00:00.000,0.00018774,ARB,0.1958960642685345,1043.639297942049
2024-03-23 16:00:00.000,0.00021069,ARB,0.21988436368341033,1043.8591823057325
2024-03-24 00:00:00.000,0.0001,ARB,0.10438591823057325,1043.963568223963
2024-03-24 08:00:00.000,0.0001,ARB,0.1043963568223963,1044.0679645807854
2024-03-24 16:00:00.000,0.00044465,ARB,0.46424482045084625,1044.5322094012363
2024-03-25 00:00:00.000,0.00036728,ARB,0.3836357898688861,1044.915845191105
2024-03-25 08:00:00.000,0.0001,ARB,0.10449158451911052,1045.0203367756242
2024-03-25 16:00:00.000,0.00025431,ARB,0.26575912184540895,1045.2860958974695
2024-03-26 00:00:00.000,0.00061956,ARB,0.6476174535742363,1045.9337133510437
2024-03-26 08:00:00.000,0.0001,ARB,0.10459337133510438,1046.0383067223788
2024-03-26 16:00:00.000,0.00025417,ARB,0.26587155641962706,1046.3041782787984
2024-03-27 00:00:00.001,0.00040304,ARB,0.42170243601348695,1046.7258807148119
2024-03-27 08:00:00.001,0.00052617,ARB,0.5507557566557125,1047.2766364714676
2024-03-27 16:00:00.000,0.00063059,ARB,0.6604021741925428,1047.93703864566
2024-03-28 00:00:00.000,0.0001,ARB,0.10479370386456602,1048.0418323495246
2024-03-28 08:00:00.000,0.0003475,ARB,0.3641945367414598,1048.406026886266
2024-03-28 16:00:00.000,0.00057298,ARB,0.6007156852852927,1049.0067425715513
2024-03-29 00:00:00.001,0.0001,ARB,0.10490067425715513,1049.1116432458084
2024-03-29 08:00:00.000,0.0002783,ARB,0.29196777031530846,1049.4036110161237
2024-03-29 16:00:00.001,0.00033233,ARB,0.3487483020489884,1049.7523593181727
2024-03-30 00:00:00.000,0.00021962,ARB,0.23054661315345706,1049.982905931326
2024-03-30 08:00:00.000,0.00043781,ARB,0.4596930160457939,1050.4425989473718
2024-03-30 16:00:00.004,0.00046856,ARB,0.4921953841627806,1050.9347943315347
2024-03-31 00:00:00.000,0.00014525,ARB,0.1526482788766554,1051.0874426104115
2024-03-31 08:00:00.000,0.00068038,ARB,0.7151388742032717,1051.8025814846148
2024-03-31 16:00:00.000,0.00084788,ARB,0.8918023727891752,1052.694383857404
2024-04-01 00:00:00.000,0.00071823,ARB,0.7560766873179033,1053.450460544722
2024-04-01 08:00:00.000,0.00011585,ARB,0.12204223585410605,1053.572502780576
2024-04-01 16:00:00.001,0.0001516,ARB,0.15972159142153533,1053.7322243719975
2024-04-02 00:00:00.003,0.0001,ARB,0.10537322243719975,1053.8375975944348
2024-04-02 08:00:00.000,0.0001,ARB,0.10538375975944349,1053.9429813541942
2024-04-02 16:00:00.000,0.0001,ARB,0.10539429813541942,1054.0483756523297
2024-04-03 00:00:00.001,0.0001,ARB,0.10540483756523297,1054.1537804898949
2024-04-03 08:00:00.001,0.0001,ARB,0.1054153780489895,1054.2591958679438
2024-04-03 16:00:00.000,0.0001,ARB,0.10542591958679438,1054.3646217875307
2024-04-04 00:00:00.000,1.21e-05,ARB,0.01275781192362912,1054.3773795994543
2024-04-04 08:00:00.000,0.0001,ARB,0.10543773795994545,1054.4828173374142
2024-04-04 16:00:00.000,0.0001,ARB,0.10544828173374142,1054.588265619148
2024-04-05 00:00:00.000,0.0001,ARB,0.1054588265619148,1054.69372444571
2024-04-05 08:00:00.000,0.0001,ARB,0.105469372444571,1054.7991938181544
2024-04-05 16:00:00.000,0.0001,ARB,0.10547991938181545,1054.9046737375363
2024-04-06 00:00:00.000,0.0001,ARB,0.10549046737375363,1055.01016420491
2024-04-06 08:00:00.000,0.0001,ARB,0.10550101642049102,1055.1156652213306
2024-04-06 16:00:00.000,0.0001,ARB,0.10551156652213306,1055.2211767878528
2024-04-07 00:00:00.000,0.0001,ARB,0.10552211767878528,1055.3266989055314
2024-04-07 08:00:00.000,0.0001,ARB,0.10553266989055315,1055.432231575422
2024-04-07 16:00:00.000,0.0001,ARB,0.10554322315754221,1055.5377747985797
2024-04-08 00:00:00.000,0.0001,ARB,0.10555377747985797,1055.6433285760595
2024-04-08 08:00:00.000,0.0001,ARB,0.10556433285760596,1055.748892908917
2024-04-08 16:00:00.000,0.00036453,ARB,0.38485214393208755,1056.133745052849
2024-04-09 00:00:00.000,0.0001,ARB,0.10561337450528491,1056.2393584273543
2024-04-09 08:00:00.000,0.0001,ARB,0.10562393584273544,1056.344982363197
2024-04-09 16:00:00.000,0.0001,ARB,0.10563449823631971,1056.4506168614332
2024-04-10 00:00:00.000,0.0001,ARB,0.10564506168614332,1056.5562619231193
2024-04-10 08:00:00.000,0.0001,ARB,0.10565562619231193,1056.6619175493117
2024-04-10 16:00:00.000,0.0001,ARB,0.10566619175493118,1056.7675837410666
2024-04-11 00:00:00.002,0.0001,ARB,0.10567675837410666,1056.8732604994407
2024-04-11 08:00:00.000,0.0001,ARB,0.10568732604994407,1056.9789478254906
2024-04-11 16:00:00.000,0.0001,ARB,0.10569789478254907,1057.084645720273
2024-04-12 00:00:00.000,-6.531e-05,Cash,6.91306454625949,1063.9977102665325
2024-04-12 08:00:00.001,0.0001,ARB,0.10639977102665325,1064.1041100375592
2024-04-12 16:00:00.000,0.0001,ARB,0.10641041100375592,1064.2105204485629
2024-04-13 00:00:00.000,-0.00017997,Cash,-3.3957883548494223,1060.8147320937135
2024-04-13 08:00:00.000,-1.594e-05,Cash,0.0,1060.8147320937135
2024-04-13 16:00:00.000,0.0001,ARB,0.10608147320937135,1060.9208135669228
2024-04-14 00:00:00.000,-0.00029523,Cash,-1.1943814087096989,1059.7264321582131
2024-04-14 08:00:00.000,0.0001,ARB,0.10597264321582132,1059.832404801429
2024-04-14 16:00:00.000,0.0001,ARB,0.1059832404801429,1059.938388041909
2024-04-15 00:00:00.000,-2.938e-05,Cash,-3.705074031853149,1056.233314010056
2024-04-15 08:00:00.001,-0.0001337,Cash,0.0,1056.233314010056
2024-04-15 16:00:00.000,2.73e-06,ARB,0.002883516947247453,1056.2361975270032
2024-04-16 00:00:00.000,-7.435e-05,Cash,4.701162441116245,1060.9373599681194
2024-04-16 08:00:00.000,8.576e-05,ARB,0.09098598799086592,1061.0283459561103
2024-04-16 16:00:00.000,-8.097e-05,Cash,19.74972542536306,1080.7780713814734
2024-04-17 00:00:00.000,6.052e-05,ARB,0.06540868888000677,1080.8434800703535
2024-04-17 08:00:00.000,2.066e-05,ARB,0.022330226298253503,1080.8658102966517
2024-04-17 16:00:00.000,-3.18e-05,Cash,-4.904764512700694,1075.961045783951
2024-04-18 00:00:00.001,-7.752e-05,Cash,0.0,1075.961045783951
2024-04-18 08:00:00.000,4.871e-05,ARB,0.052410062540136255,1076.013455846491
2024-04-18 16:00:00.000,-0.00021167,Cash,-2.7176333745558927,1073.2958224719353
2024-04-19 00:00:00.000,-0.00029339,Cash,0.0,1073.2958224719353
2024-04-19 08:00:00.001,0.0001,ARB,0.10732958224719354,1073.4031520541826
2024-04-19 16:00:00.000,-5.092e-05,Cash,-7.308197341203898,1066.0949547129787
2024-04-20 00:00:00.000,9.818e-05,ARB,0.10466920265372025,1066.1996239156324
2024-04-20 08:00:00.000,-0.00013664,Cash,2.2002475604866256,1068.399871476119
2024-04-20 16:00:00.000,7.259e-05,ARB,0.07755514667045146,1068.4774266227894
2024-04-21 00:00:00.000,-0.00010171,Cash,-2.070679558166476,1066.406747064623
2024-04-21 08:00:00.000,-0.00011689,Cash,0.0,1066.406747064623
2024-04-21 16:00:00.000,2.592e-05,ARB,0.027641262883915028,1066.434388327507
2024-04-22 00:00:00.000,0.0001,ARB,0.1066434388327507,1066.5410317663398
2024-04-22 08:00:00.000,0.0001,ARB,0.10665410317663399,1066.6476858695164
2024-04-22 16:00:00.000,-7.46e-06,Cash,9.970915968971902,1076.6186018384883
2024-04-23 00:00:00.000,-6.01e-05,Cash,0.0,1076.6186018384883
2024-04-23 08:00:00.000,8.268e-05,ARB,0.08901482600000621,1076.7076166644883
2024-04-23 16:00:00.000,9.861e-05,ARB,0.1061741380792852,1076.8137908025676
2024-04-24 00:00:00.000,0.0001,ARB,0.10768137908025677,1076.921472181648
2024-04-24 08:00:00.000,0.0001,ARB,0.1076921472181648,1077.029164328866
2024-04-24 16:00:00.000,0.0001,ARB,0.10770291643288661,1077.1368672452988
2024-04-25 00:00:00.000,0.0001,ARB,0.10771368672452988,1077.2445809320234
2024-04-25 08:00:00.000,8.154e-05,ARB,0.08783852312919718,1077.3324194551526
2024-04-25 16:00:00.001,0.0001,ARB,0.10773324194551527,1077.440152697098
2024-04-26 00:00:00.000,8.368e-05,ARB,0.09016019197769316,1077.5303128890757
2024-04-26 08:00:00.000,7.129e-05,ARB,0.07681713600586221,1077.6071300250817
2024-04-26 16:00:00.000,2.535e-05,ARB,0.02731734074613582,1077.6344473658278
2024-04-27 00:00:00.000,0.0001,ARB,0.10776344473658278,1077.7422108105643
2024-04-27 08:00:00.000,0.0001,ARB,0.10777422108105643,1077.8499850316452
2024-04-27 16:00:00.000,0.0001,ARB,0.10778499850316453,1077.9577700301484
2024-04-28 00:00:00.000,6.211e-05,ARB,0.06695195709657252,1078.024721987245
2024-04-28 08:00:00.001,5.901e-05,ARB,0.06361423884446732,1078.0883362260893
2024-04-28 16:00:00.001,8.788e-05,ARB,0.09474240298754873,1078.1830786290768
2024-04-29 00:00:00.001,7.973e-05,ARB,0.08596353685909629,1078.2690421659358
2024-04-29 08:00:00.000,-5.336e-05,Cash,-1.2016682215278074,1077.067373944408
2024-04-29 16:00:00.000,0.0001,ARB,0.10770673739444081,1077.1750806818025
2024-04-30 00:00:00.000,0.0001,ARB,0.10771750806818026,1077.2827981898706
2024-04-30 08:00:00.000,-1.006e-05,Cash,-16.652772089208824,1060.6300261006618
2024-04-30 16:00:00.000,0.0001,ARB,0.10606300261006618,1060.7360891032718
2024-05-01 00:00:00.000,0.0001,ARB,0.10607360891032717,1060.842162712182
2024-05-01 08:00:00.000,0.0001,ARB,0.10608421627121821,1060.9482469284533
2024-05-01 16:00:00.000,0.0001,ARB,0.10609482469284533,1061.0543417531462
2024-05-02 00:00:00.000,0.0001,ARB,0.10610543417531462,1061.1604471873216
2024-05-02 08:00:00.001,0.0001,ARB,0.10611604471873216,1061.2665632320402
2024-05-02 16:00:00.000,-9.919e-05,Cash,3.201612802721843,1064.468176034762
2024-05-03 00:00:00.000,-0.00017999,Cash,0.0,1064.468176034762
2024-05-03 08:00:00.000,-0.00012472,Cash,0.0,1064.468176034762
2024-05-03 16:00:00.000,0.0001,ARB,0.10644681760347621,1064.5746228523656
2024-05-04 00:00:00.000,-0.00014458,Cash,3.1640947090589595,1067.7387175614244
2024-05-04 08:00:00.000,0.0001,ARB,0.10677387175614245,1067.8454914331805
2024-05-04 16:00:00.001,2.061e-05,ARB,0.02200829557843785,1067.867499728759
2024-05-05 00:00:00.000,0.0001,ARB,0.1067867499728759,1067.9742864787318
2024-05-05 08:00:00.000,0.0001,ARB,0.10679742864787319,1068.0810839073797
2024-05-05 16:00:00.000,0.0001,ARB,0.10680810839073798,1068.1878920157706
2024-05-06 00:00:00.000,0.0001,ARB,0.10681878920157706,1068.294710804972
2024-05-06 08:00:00.000,7.323e-05,ARB,0.07823122167224811,1068.3729420266443
2024-05-06 16:00:00.000,0.0001,ARB,0.10683729420266444,1068.479779320847
2024-05-07 00:00:00.000,0.0001,ARB,0.10684797793208471,1068.5866272987791
2024-05-07 08:00:00.000,6.635e-05,ARB,0.070900722721274,1068.6575280215004
2024-05-07 16:00:00.000,0.0001,ARB,0.10686575280215005,1068.7643937743026
2024-05-08 00:00:00.000,4.446e-05,ARB,0.04751726494720549,1068.8119110392497
2024-05-08 08:00:00.000,0.0001,ARB,0.10688119110392498,1068.9187922303536
2024-05-08 16:00:00.000,0.0001,ARB,0.10689187922303536,1069.0256841095766
2024-05-09 00:00:00.000,6.42e-05,ARB,0.06863144891983482,1069.0943155584964
2024-05-09 08:00:00.000,-3.809e-05,Cash,-1.4372068318802609,1067.6571087266161
2024-05-09 16:00:00.000,0.0001,ARB,0.10676571087266162,1067.7638744374888
2024-05-10 00:00:00.000,-0.00010189,Cash,1.1062197880183162,1068.870094225507
2024-05-10 08:00:00.001,-0.00011704,Cash,0.0,1068.870094225507
2024-05-10 16:00:00.000,-8.397e-05,Cash,0.0,1068.870094225507
2024-05-11 00:00:00.000,6.037e-05,ARB,0.06452768758839386,1068.9346219130955
2024-05-11 08:00:00.000,3.194e-05,ARB,0.03414177182390427,1068.9687636849194
2024-05-11 16:00:00.000,8.087e-05,ARB,0.08644750391919943,1069.0552111888385
2024-05-12 00:00:00.000,-1.785e-05,Cash,3.1258618247718557,1072.1810730136103
2024-05-12 08:00:00.000,-4.45e-06,Cash,0.0,1072.1810730136103
2024-05-12 16:00:00.000,0.0001,ARB,0.10721810730136104,1072.2882911209117
2024-05-13 00:00:00.000,9.775e-05,ARB,0.10481618045706913,1072.3931073013687
2024-05-13 08:00:00.000,5.959e-05,ARB,0.06390390526408855,1072.4570112066328
2024-05-13 16:00:00.000,0.0001,ARB,0.10724570112066328,1072.5642569077536
2024-05-14 00:00:00.000,-3.055e-05,Cash,-1.1935057944125957,1071.370751113341
2024-05-14 08:00:00.000,0.0001,ARB,0.10713707511133409,1071.4778881884522
2024-05-14 16:00:00.000,7.398e-05,ARB,0.0792679341681817,1071.5571561226204
2024-05-15 00:00:00.000,0.0001,ARB,0.10715571561226205,1071.6643118382326
2024-05-15 08:00:00.000,-3.48e-06,Cash,1.712458093974194,1073.3767699322068
2024-05-15 16:00:00.003,1.108e-05,ARB,0.011893014610848853,1073.3886629468177
2024-05-16 00:00:00.000,1.829e-05,ARB,0.019632278645297294,1073.408295225463
2024-05-16 08:00:00.000,8.225e-05,ARB,0.08828783228229432,1073.4965830577453
2024-05-16 16:00:00.000,7.38e-06,ARB,0.00792240478296616,1073.5045054625282
2024-05-17 00:00:00.000,5.177e-05,ARB,0.05557532824779508,1073.560080790776
2024-05-17 08:00:00.000,5.86e-06,ARB,0.006291062073433947,1073.5663718528494
2024-05-17 16:00:00.000,9.38e-05,ARB,0.10070052567979729,1073.6670723785292
2024-05-18 00:00:00.000,0.0001,ARB,0.10736670723785292,1073.774439085767
2024-05-18 08:00:00.000,0.0001,ARB,0.1073774439085767,1073.8818165296755
2024-05-18 16:00:00.001,0.0001,ARB,0.10738818165296755,1073.9892047113285
2024-05-19 00:00:00.000,0.0001,ARB,0.10739892047113285,1074.0966036317996
2024-05-19 08:00:00.000,0.0001,ARB,0.10740966036317996,1074.2040132921627
2024-05-19 16:00:00.000,0.0001,ARB,0.10742040132921628,1074.3114336934918
2024-05-20 00:00:00.000,6.59e-06,ARB,0.007079712348040111,1074.31851340584
2024-05-20 08:00:00.000,0.0001,ARB,0.107431851340584,1074.4259452571805
2024-05-20 16:00:00.000,0.0001,ARB,0.10744259452571805,1074.5333878517063
2024-05-21 00:00:00.000,0.0001,ARB,0.10745333878517063,1074.6408411904915
2024-05-21 08:00:00.001,0.00016546,ARB,0.17781007358337875,1074.818651264075
2024-05-21 16:00:00.000,0.00018815,ARB,0.2022271292353357,1075.0208783933103
2024-05-22 00:00:00.000,0.0001,ARB,0.10750208783933105,1075.1283804811496
2024-05-22 08:00:00.001,0.0001,ARB,0.10751283804811497,1075.2358933191977
2024-05-22 16:00:00.000,0.0001,ARB,0.10752358933191977,1075.3434169085297
2024-05-23 00:00:00.000,0.00015112,ARB,0.162505897163217,1075.505922805693
2024-05-23 08:00:00.000,0.0001,ARB,0.1075505922805693,1075.6134733979736
2024-05-23 16:00:00.000,0.0001,ARB,0.10756134733979737,1075.7210347453133
2024-05-24 00:00:00.000,0.0001,ARB,0.10757210347453133,1075.8286068487878
2024-05-24 08:00:00.000,0.0001,ARB,0.10758286068487878,1075.9361897094727
2024-05-24 16:00:00.001,0.0001,ARB,0.10759361897094728,1076.0437833284436
2024-05-25 00:00:00.003,0.0001,ARB,0.10760437833284436,1076.1513877067764
2024-05-25 08:00:00.000,0.0001,ARB,0.10761513877067765,1076.259002845547
2024-05-25 16:00:00.000,0.0001,ARB,0.10762590028455471,1076.3666287458316
2024-05-26 00:00:00.000,0.0001,ARB,0.10763666287458316,1076.474265408706
2024-05-26 08:00:00.000,0.0001,ARB,0.10764742654087062,1076.5819128352468
2024-05-26 16:00:00.000,0.0001,ARB,0.10765819128352469,1076.6895710265303
2024-05-27 00:00:00.000,0.0001,ARB,0.10766895710265303,1076.797239983633
2024-05-27 08:00:00.000,0.0001,ARB,0.10767972399836331,1076.9049197076315
2024-05-27 16:00:00.000,0.00024474,ARB,0.2635617100492458,1077.1684814176808
2024-05-28 00:00:00.000,0.0002135,ARB,0.22997547078267486,1077.3984568884634
2024-05-28 08:00:00.000,0.0001,ARB,0.10773984568884636,1077.5061967341524
2024-05-28 16:00:00.000,0.0001,ARB,0.10775061967341525,1077.6139473538258
2024-05-29 00:00:00.000,0.00025219,ARB,0.2717634613831613,1077.885710815209
2024-05-29 08:00:00.000,0.00026673,ARB,0.28750445564574073,1078.1732152708548
2024-05-29 16:00:00.000,0.0001,ARB,0.1078173215270855,1078.281032592382
2024-05-30 00:00:00.000,0.0001,ARB,0.1078281032592382,1078.3888606956411
2024-05-30 08:00:00.000,0.0001,ARB,0.10783888606956411,1078.4966995817108
2024-05-30 16:00:00.000,0.0001,ARB,0.10784966995817108,1078.604549251669
2024-05-31 00:00:00.000,0.0001,ARB,0.1078604549251669,1078.7124097065941
2024-05-31 08:00:00.001,0.0001,ARB,0.10787124097065942,1078.8202809475647
2024-05-31 16:00:00.000,0.0001,ARB,0.10788202809475647,1078.9281629756595
2024-06-01 00:00:00.000,0.0001,ARB,0.10789281629756595,1079.036055791957
2024-06-01 08:00:00.001,0.0001,ARB,0.10790360557919572,1079.1439593975363
2024-06-01 16:00:00.000,0.0001,ARB,0.10791439593975363,1079.251873793476
2024-06-02 00:00:00.000,0.0001,ARB,0.10792518737934761,1079.3597989808554
2024-06-02 08:00:00.000,0.0001,ARB,0.10793597989808555,1079.4677349607534
2024-06-02 16:00:00.000,0.0001,ARB,0.10794677349607534,1079.5756817342494
2024-06-03 00:00:00.000,0.0001,ARB,0.10795756817342494,1079.6836393024228
2024-06-03 08:00:00.000,0.00010409,ARB,0.11238427001498918,1079.7960235724377
2024-06-03 16:00:00.000,0.0001,ARB,0.10797960235724377,1079.904003174795
2024-06-04 00:00:00.000,0.0001,ARB,0.1079904003174795,1080.0119935751125
2024-06-04 08:00:00.000,0.0001,ARB,0.10800119935751125,1080.11999477447
2024-06-04 16:00:00.000,0.0001,ARB,0.108011999477447,1080.2280067739473
2024-06-05 00:00:00.000,0.0001,ARB,0.10802280067739474,1080.3360295746247
2024-06-05 08:00:00.000,0.00012397,ARB,0.13392925758636623,1080.469958832211
2024-06-05 16:00:00.000,0.0001,ARB,0.1080469958832211,1080.578005828094
2024-06-06 00:00:00.001,0.0001,ARB,0.10805780058280942,1080.686063628677
2024-06-06 08:00:00.000,0.0001,ARB,0.1080686063628677,1080.7941322350398
2024-06-06 16:00:00.000,0.00022125,ARB,0.23912570175700257,1081.0332579367969
2024-06-07 00:00:00.000,0.0001,ARB,0.10810332579367969,1081.1413612625906
2024-06-07 08:00:00.000,0.0001,ARB,0.10811413612625907,1081.2494753987169
2024-06-07 16:00:00.000,0.00035651,ARB,0.38547625047439654,1081.6349516491912
2024-06-08 00:00:00.001,0.0001,ARB,0.10816349516491912,1081.7431151443561
2024-06-08 08:00:00.000,0.0001,ARB,0.10817431151443561,1081.8512894558705
2024-06-08 16:00:00.000,0.0001,ARB,0.10818512894558706,1081.959474584816
2024-06-09 00:00:00.000,0.0001,ARB,0.1081959474584816,1082.0676705322744
2024-06-09 08:00:00.000,0.0001,ARB,0.10820676705322745,1082.1758772993276
2024-06-09 16:00:00.000,0.0001,ARB,0.10821758772993276,1082.2840948870576
2024-06-10 00:00:00.000,0.0001,ARB,0.10822840948870577,1082.3923232965462
2024-06-10 08:00:00.000,0.0001,ARB,0.10823923232965463,1082.500562528876
2024-06-10 16:00:00.000,0.0001,ARB,0.1082500562528876,1082.6088125851288
2024-06-11 00:00:00.000,0.0001,ARB,0.10826088125851288,1082.7170734663873
2024-06-11 08:00:00.000,0.0001,ARB,0.10827170734663874,1082.825345173734
2024-06-11 16:00:00.000,0.0001,ARB,0.1082825345173734,1082.9336277082514
2024-06-12 00:00:00.003,0.0001,ARB,0.10829336277082514,1083.0419210710222
2024-06-12 08:00:00.000,0.0001,ARB,0.10830419210710222,1083.1502252631294
2024-06-12 16:00:00.000,0.0001,ARB,0.10831502252631295,1083.2585402856557
2024-06-13 00:00:00.000,0.0001,ARB,0.10832585402856558,1083.3668661396844
2024-06-13 08:00:00.001,0.0001,ARB,0.10833668661396845,1083.4752028262983
2024-06-13 16:00:00.001,0.0001,ARB,0.10834752028262984,1083.583550346581
2024-06-14 00:00:00.000,0.0001,ARB,0.1083583550346581,1083.6919087016156
2024-06-14 08:00:00.000,0.0001,ARB,0.10836919087016157,1083.8002778924858
2024-06-14 16:00:00.000,0.0001,ARB,0.10838002778924859,1083.9086579202751
2024-06-15 00:00:00.000,0.0001,ARB,0.10839086579202752,1084.017048786067
2024-06-15 08:00:00.000,0.0001,ARB,0.10840170487860672,1084.1254504909457
2024-06-15 16:00:00.000,0.0001,ARB,0.10841254504909457,1084.2338630359948
2024-06-16 00:00:00.000,0.0001,ARB,0.10842338630359949,1084.3422864222985
2024-06-16 08:00:00.000,0.0001,ARB,0.10843422864222985,1084.4507206509406
2024-06-16 16:00:00.000,0.0001,ARB,0.10844507206509407,1084.5591657230057
2024-06-17 00:00:00.001,0.0001,ARB,0.10845591657230057,1084.6676216395779
2024-06-17 08:00:00.000,0.0001,ARB,0.10846676216395779,1084.7760884017418
2024-06-17 16:00:00.000,0.0001,ARB,0.10847760884017418,1084.884566010582
2024-06-18 00:00:00.000,9.422e-05,ARB,0.10221782380951704,1084.9867838343914
2024-06-18 08:00:00.000,-0.00012752,Cash,1.2803467745787565,1086.26713060897
2024-06-18 16:00:00.000,4.638e-05,ARB,0.05038106951764403,1086.3175116784878
2024-06-19 00:00:00.000,-2.181e-05,Cash,-0.8367281452988402,1085.480783533189
2024-06-19 08:00:00.000,3.22e-05,ARB,0.034952481229768684,1085.5157360144187
2024-06-19 16:00:00.000,4.7e-05,ARB,0.05101923959267768,1085.5667552540115
2024-06-20 00:00:00.000,-4.47e-06,Cash,4.543724285669008,1090.1104795396805
2024-06-20 08:00:00.000,0.0001,ARB,0.10901104795396806,1090.2194905876345
2024-06-20 16:00:00.000,0.0001,ARB,0.10902194905876346,1090.3285125366933
2024-06-21 00:00:00.001,0.0001,ARB,0.10903285125366934,1090.437545387947
2024-06-21 08:00:00.000,7.49e-05,ARB,0.08167377214955723,1090.5192191600966
2024-06-21 16:00:00.000,0.0001,ARB,0.10905192191600967,1090.6282710820126
2024-06-22 00:00:00.000,0.0001,ARB,0.10906282710820127,1090.7373339091207
2024-06-22 08:00:00.000,9.389e-05,ARB,0.10240932828072734,1090.8397432374015
2024-06-22 16:00:00.000,0.0001,ARB,0.10908397432374016,1090.9488272117253
2024-06-23 00:00:00.000,4.16e-05,ARB,0.045383471212007774,1090.9942106829374
2024-06-23 08:00:00.000,0.0001,ARB,0.10909942106829375,1091.1033101040057
2024-06-23 16:00:00.000,0.0001,ARB,0.10911033101040057,1091.2124204350162
2024-06-24 00:00:00.000,0.0001,ARB,0.10912124204350163,1091.3215416770597
2024-06-24 08:00:00.000,-1.273e-05,Cash,7.805342325062532,1099.1268840021223
2024-06-24 16:00:00.000,-2.308e-05,Cash,0.0,1099.1268840021223
2024-06-25 00:00:00.000,-1.186e-05,Cash,0.0,1099.1268840021223
2024-06-25 08:00:00.001,0.0001,ARB,0.10991268840021223,1099.2367966905226
2024-06-25 16:00:00.000,0.0001,ARB,0.10992367966905227,1099.3467203701916
2024-06-26 00:00:00.006,6.755e-05,ARB,0.07426087096100645,1099.4209812411527
2024-06-26 08:00:00.000,0.0001,ARB,0.10994209812411528,1099.5309233392768
2024-06-26 16:00:00.000,0.0001,ARB,0.10995309233392768,1099.6408764316106
2024-06-27 00:00:00.000,0.0001,ARB,0.10996408764316107,1099.7508405192539
2024-06-27 08:00:00.000,0.0001,ARB,0.1099750840519254,1099.8608156033058
2024-06-27 16:00:00.004,0.0001,ARB,0.10998608156033059,1099.970801684866
2024-06-28 00:00:00.001,0.0001,ARB,0.10999708016848661,1100.0807987650346
2024-06-28 08:00:00.000,0.0001,ARB,0.11000807987650346,1100.190806844911
2024-06-28 16:00:00.000,0.0001,ARB,0.11001908068449111,1100.3008259255955
2024-06-29 00:00:00.000,0.0001,ARB,0.11003008259255956,1100.4108560081881
2024-06-29 08:00:00.000,0.00034576,ARB,0.38047805757339115,1100.7913340657615
2024-06-29 16:00:00.000,0.00021407,ARB,0.23564640088345754,1101.026980466645
2024-06-30 00:00:00.000,0.00014908,ARB,0.16414110224796744,1101.1911215688929
2024-06-30 08:00:00.000,0.00021329,ARB,0.23487305431942918,1101.4259946232123
2024-06-30 16:00:00.001,0.0001,ARB,0.11014259946232123,1101.5361372226746
2024-07-01 00:00:00.000,0.00038042,ARB,0.4190463773222499,1101.9551835999969
2024-07-01 08:00:00.000,0.0001,ARB,0.11019551835999969,1102.0653791183568
2024-07-01 16:00:00.000,0.0001,ARB,0.11020653791183568,1102.1755856562686
2024-07-02 00:00:00.000,0.0001,ARB,0.11021755856562686,1102.2858032148342
2024-07-02 08:00:00.000,0.0001,ARB,0.11022858032148343,1102.3960317951557
2024-07-02 16:00:00.000,0.0001,ARB,0.11023960317951557,1102.5062713983352
2024-07-03 00:00:00.000,0.0001,ARB,0.11025062713983352,1102.616522025475
2024-07-03 08:00:00.001,0.0001,ARB,0.11026165220254751,1102.7267836776775
2024-07-03 16:00:00.000,0.0001,ARB,0.11027267836776776,1102.8370563560452
2024-07-04 00:00:00.000,0.0001,ARB,0.11028370563560452,1102.9473400616807
2024-07-04 08:00:00.000,3.941e-05,ARB,0.043467154671830835,1102.9908072163526
2024-07-04 16:00:00.000,0.0001,ARB,0.11029908072163526,1103.1011062970742
2024-07-05 00:00:00.000,0.0001,ARB,0.11031011062970743,1103.2114164077038
2024-07-05 08:00:00.000,-3.312e-05,Cash,-5.166510405801753,1098.044906001902
2024-07-05 16:00:00.000,4.353e-05,ARB,0.04779789475826279,1098.0927038966604
2024-07-06 00:00:00.000,4.724e-05,ARB,0.05187389933207824,1098.1445777959925
2024-07-06 08:00:00.003,0.0001,ARB,0.10981445777959925,1098.254392253772
2024-07-06 16:00:00.000,4.314e-05,ARB,0.04737869448182772,1098.3017709482538
2024-07-07 00:00:00.000,5.889e-05,ARB,0.06467899129114267,1098.366449939545
2024-07-07 08:00:00.000,8.585e-05,ARB,0.09429475972730994,1098.4607446992723
2024-07-07 16:00:00.000,0.0001,ARB,0.10984607446992722,1098.5705907737422
2024-07-08 00:00:00.000,2.409e-05,ARB,0.02646456553173945,1098.597055339274
2024-07-08 08:00:00.000,-7.82e-06,Cash,41.873062441736195,1140.4701177810102
2024-07-08 16:00:00.000,0.0001,ARB,0.11404701177810103,1140.5841647927884
2024-07-09 00:00:00.000,9.815e-05,ARB,0.11194833577441218,1140.696113128563
2024-07-09 08:00:00.000,-0.00010281,Cash,8.97030239819047,1149.6664155267533
2024-07-09 16:00:00.000,1.39e-06,ARB,0.001598036317582187,1149.6680135630709
2024-07-10 00:00:00.001,-3.298e-05,Cash,-4.919986871644357,1144.7480266914265
2024-07-10 08:00:00.000,-9.92e-06,Cash,0.0,1144.7480266914265
2024-07-10 16:00:00.000,9.674e-05,ARB,0.1107429241021286,1144.8587696155287
2024-07-11 00:00:00.000,1.707e-05,ARB,0.019542739197337077,1144.878312354726
2024-07-11 08:00:00.000,1.251e-05,ARB,0.014322427687557622,1144.8926347824136
2024-07-11 16:00:00.000,4.35e-06,ARB,0.0049802829613034985,1144.8976150653748
2024-07-12 00:00:00.000,2.344e-05,ARB,0.026836400097132385,1144.924451465472
2024-07-12 08:00:00.000,-4.91e-06,Cash,3.8718812504915308,1148.7963327159634
2024-07-12 16:00:00.000,9.93e-06,ARB,0.011407547583869517,1148.8077402635472
2024-07-13 00:00:00.000,7.321e-05,ARB,0.08410421466469428,1148.8918444782119
2024-07-13 08:00:00.000,1.204e-05,ARB,0.01383265780751767,1148.9056771360194
2024-07-13 16:00:00.000,0.0001,ARB,0.11489056771360195,1149.0205677037331
2024-07-14 00:00:00.000,3.089e-05,ARB,0.035493245336368315,1149.0560609490694
2024-07-14 08:00:00.000,8.963e-05,ARB,0.10298989474286509,1149.1590508438123
2024-07-14 16:00:00.000,8.246e-05,ARB,0.09475965533258077,1149.253810499145
2024-07-15 00:00:00.000,1.763e-05,ARB,0.020261344679099923,1149.274071843824
2024-07-15 08:00:00.001,0.0001,ARB,0.11492740718438241,1149.3889992510085
2024-07-15 16:00:00.000,0.0001,ARB,0.11493889992510085,1149.5039381509337
2024-07-16 00:00:00.000,8.823e-05,ARB,0.10142073246305688,1149.6053588833968
2024-07-16 08:00:00.000,0.0001,ARB,0.11496053588833968,1149.720319419285
2024-07-16 16:00:00.000,0.0001,ARB,0.11497203194192851,1149.835291451227
2024-07-17 00:00:00.000,-4.512e-05,Cash,10.612811190135213,1160.4481026413623
2024-07-17 08:00:00.000,0.0001,ARB,0.11604481026413624,1160.5641474516265
2024-07-17 16:00:00.000,0.0001,ARB,0.11605641474516265,1160.6802038663716
2024-07-18 00:00:00.000,2.614e-05,ARB,0.030340180529066955,1160.7105440469006
2024-07-18 08:00:00.000,3.613e-05,ARB,0.04193647195641452,1160.752480518857
2024-07-18 16:00:00.000,4.503e-05,ARB,0.052268684197764134,1160.8047492030548
2024-07-19 00:00:00.000,0.0001,ARB,0.11608047492030549,1160.9208296779752
2024-07-19 08:00:00.000,0.0001,ARB,0.11609208296779754,1161.036921760943
2024-07-19 16:00:00.000,0.0001,ARB,0.1161036921760943,1161.153025453119
2024-07-20 00:00:00.000,-2.095e-05,Cash,-2.732666941619897,1158.420358511499
2024-07-20 08:00:00.001,-8.96e-06,Cash,0.0,1158.420358511499
2024-07-20 16:00:00.000,0.0001,ARB,0.11584203585114991,1158.53620054735
2024-07-21 00:00:00.000,0.0001,ARB,0.11585362005473501,1158.6520541674047
2024-07-21 08:00:00.000,0.0001,ARB,0.11586520541674047,1158.7679193728213
2024-07-21 16:00:00.000,0.0001,ARB,0.11587679193728213,1158.8837961647587
2024-07-22 00:00:00.000,0.0001,ARB,0.11588837961647587,1158.9996845443752
2024-07-22 08:00:00.000,0.0001,ARB,0.11589996845443752,1159.1155845128296
2024-07-22 16:00:00.001,0.0001,ARB,0.11591155845128297,1159.2314960712808
2024-07-23 00:00:00.000,-4.829e-05,Cash,-0.44424102559607204,1158.7872550456848
2024-07-23 08:00:00.000,0.0001,ARB,0.11587872550456849,1158.9031337711895
2024-07-23 16:00:00.000,0.0001,ARB,0.11589031337711896,1159.0190240845666
2024-07-24 00:00:00.000,0.0001,ARB,0.11590190240845666,1159.134925986975
2024-07-24 08:00:00.000,0.0001,ARB,0.11591349259869752,1159.2508394795739
2024-07-24 16:00:00.000,0.0001,ARB,0.11592508394795739,1159.3667645635219
2024-07-25 00:00:00.000,0.0001,ARB,0.1159366764563522,1159.4827012399783
2024-07-25 08:00:00.000,0.0001,ARB,0.11594827012399783,1159.5986495101022
2024-07-25 16:00:00.000,0.0001,ARB,0.11595986495101022,1159.7146093750532
2024-07-26 00:00:00.000,0.0001,ARB,0.11597146093750532,1159.8305808359908
2024-07-26 08:00:00.000,8.958e-05,ARB,0.10389762343128806,1159.934478459422
2024-07-26 16:00:00.000,2.33e-05,ARB,0.027026473348104534,1159.9615049327701
2024-07-27 00:00:00.000,6.489e-05,ARB,0.07526990205508745,1160.0367748348253
2024-07-27 08:00:00.000,0.0001,ARB,0.11600367748348255,1160.1527785123087
2024-07-27 16:00:00.000,0.0001,ARB,0.11601527785123088,1160.2687937901599
2024-07-28 00:00:00.000,0.0001,ARB,0.116026879379016,1160.3848206695388
2024-07-28 08:00:00.000,5.988e-05,ARB,0.06948384306169199,1160.4543045126006
2024-07-28 16:00:00.001,0.0001,ARB,0.11604543045126006,1160.570349943052
2024-07-29 00:00:00.000,0.0001,ARB,0.1160570349943052,1160.6864069780463
2024-07-29 08:00:00.000,0.0001,ARB,0.11606864069780463,1160.8024756187442
2024-07-29 16:00:00.000,0.0001,ARB,0.11608024756187443,1160.9185558663062
2024-07-30 00:00:00.000,4.466e-05,ARB,0.051846622704989236,1160.9704024890111
2024-07-30 08:00:00.000,0.0001,ARB,0.11609704024890112,1161.08649952926
2024-07-30 16:00:00.000,0.0001,ARB,0.11610864995292601,1161.2026081792128
2024-07-31 00:00:00.001,0.0001,ARB,0.11612026081792129,1161.3187284400308
2024-07-31 08:00:00.000,6.572e-05,ARB,0.07632186683307883,1161.3950503068638
2024-07-31 16:00:00.000,0.0001,ARB,0.11613950503068639,1161.5111898118946
2024-08-01 00:00:00.001,8.572e-05,ARB,0.0995647391906756,1161.6107545510854
2024-08-01 08:00:00.001,0.0001,ARB,0.11616107545510855,1161.7269156265404
2024-08-01 16:00:00.000,0.0001,ARB,0.11617269156265404,1161.8430883181031
2024-08-02 00:00:00.000,0.0001,ARB,0.11618430883181032,1161.959272626935
2024-08-02 08:00:00.000,0.0001,ARB,0.11619592726269351,1162.0754685541976
2024-08-02 16:00:00.000,0.0001,ARB,0.11620754685541977,1162.191676101053
2024-08-03 00:00:00.001,0.0001,ARB,0.1162191676101053,1162.307895268663
2024-08-03 08:00:00.000,0.0001,ARB,0.11623078952686632,1162.4241260581898
2024-08-03 16:00:00.001,1.69e-06,ARB,0.001964496773038341,1162.426090554963
2024-08-04 00:00:00.000,5.169e-05,ARB,0.06008580462078603,1162.4861763595836
2024-08-04 08:00:00.000,-4.131e-05,Cash,-1.236922919583601,1161.24925344
2024-08-04 16:00:00.000,1.297e-05,ARB,0.015061402817116801,1161.2643148428172
2024-08-05 00:00:00.000,-7.521e-05,Cash,-31.541409947323302,1129.722904895494
2024-08-05 08:00:00.000,-6.61e-05,Cash,0.0,1129.722904895494
2024-08-05 16:00:00.000,9.79e-06,ARB,0.011059987238926886,1129.7339648827328
2024-08-06 00:00:00.000,0.0001,ARB,0.11297339648827329,1129.8469382792211
2024-08-06 08:00:00.000,-0.00011294,Cash,-15.684107925614668,1114.1628303536065
2024-08-06 16:00:00.001,7.646e-05,ARB,0.08518889000883675,1114.2480192436153
2024-08-07 00:00:00.000,-7.044e-05,Cash,4.699072822535017,1118.9470920661504
2024-08-07 08:00:00.000,-3.168e-05,Cash,0.0,1118.9470920661504
2024-08-07 16:00:00.000,7.352e-05,ARB,0.08226499020870338,1119.029357056359
2024-08-08 00:00:00.000,4.367e-05,ARB,0.048868012022651196,1119.0782250683817
2024-08-08 08:00:00.000,7.945e-05,ARB,0.08891076498168293,1119.1671358333633
2024-08-08 16:00:00.000,-3.213e-05,Cash,2.0420590715777682,1121.2091949049411
2024-08-09 00:00:00.000,-4.14e-06,Cash,0.0,1121.2091949049411
2024-08-09 08:00:00.000,0.0001,ARB,0.11212091949049412,1121.3213158244316
2024-08-09 16:00:00.000,6.012e-05,ARB,0.06741383750736483,1121.388729661939
2024-08-10 00:00:00.000,-3.404e-05,Cash,-10.199150426312986,1111.1895792356258
2024-08-10 08:00:00.000,0.0001,ARB,0.11111895792356259,1111.3006981935494
2024-08-10 16:00:00.000,0.0001,ARB,0.11113006981935494,1111.4118282633688
2024-08-11 00:00:00.000,4.261e-05,ARB,0.047357258002302144,1111.459185521371
2024-08-11 08:00:00.000,9.26e-05,ARB,0.10292112057927895,1111.5621066419503
2024-08-11 16:00:00.000,-3.615e-05,Cash,3.224541960500224,1114.7866486024504
2024-08-12 00:00:00.001,4.543e-05,ARB,0.05064475744600932,1114.8372933598964
2024-08-12 08:00:00.000,6.486e-05,ARB,0.07230834684732287,1114.9096017067438
2024-08-12 16:00:00.000,2.937e-05,ARB,0.032744895002127065,1114.942346601746
2024-08-13 00:00:00.000,0.0001,ARB,0.11149423466017461,1115.0538408364062
2024-08-13 08:00:00.000,5.766e-05,ARB,0.06429400446262717,1115.1181348408688
2024-08-13 16:00:00.000,-6.557e-05,Cash,31.906056951107345,1147.0241917919761
2024-08-14 00:00:00.000,6.29e-05,ARB,0.07214782166371529,1147.0963396136399
2024-08-14 08:00:00.000,-5.49e-06,Cash,-4.051745588821093,1143.0445940248187
2024-08-14 16:00:00.000,-0.00011897,Cash,0.0,1143.0445940248187
2024-08-15 00:00:00.000,-7.077e-05,Cash,0.0,1143.0445940248187
2024-08-15 08:00:00.000,-3.491e-05,Cash,0.0,1143.0445940248187
2024-08-15 16:00:00.000,-3.56e-05,Cash,0.0,1143.0445940248187
2024-08-16 00:00:00.001,-0.00013799,Cash,0.0,1143.0445940248187
2024-08-16 08:00:00.000,3.47e-05,ARB,0.039663647412661214,1143.0842576722314
2024-08-16 16:00:00.000,-5.297e-05,Cash,11.427825581547994,1154.5120832537793
2024-08-17 00:00:00.000,-2.442e-05,Cash,0.0,1154.5120832537793
2024-08-17 08:00:00.000,6.238e-05,ARB,0.07201846375337075,1154.5841017175328
2024-08-17 16:00:00.000,3.922e-05,ARB,0.04528278846936164,1154.6293845060022
2024-08-18 00:00:00.000,9.707e-05,ARB,0.11207987435399765,1154.7414643803563
2024-08-18 08:00:00.000,0.0001,ARB,0.11547414643803564,1154.8569385267945
2024-08-18 16:00:00.001,2.632e-05,ARB,0.03039583462202523,1154.8873343614164
2024-08-19 00:00:00.000,-4.489e-05,Cash,-1.8876990710624408,1152.999635290354
2024-08-19 08:00:00.001,-6.78e-05,Cash,0.0,1152.999635290354
2024-08-19 16:00:00.000,-7.203e-05,Cash,0.0,1152.999635290354
2024-08-20 00:00:00.000,-9.761e-05,Cash,0.0,1152.999635290354
2024-08-20 08:00:00.000,5.937e-05,ARB,0.06845358834718832,1153.0680888787012
2024-08-20 16:00:00.000,-2.8e-05,Cash,3.035919875782053,1156.1040087544834
2024-08-21 00:00:00.000,-0.00012194,Cash,0.0,1156.1040087544834
2024-08-21 08:00:00.000,4.174e-05,ARB,0.04825578132541213,1156.1522645358089
2024-08-21 16:00:00.000,4.223e-05,ARB,0.04882431013134721,1156.2010888459401
2024-08-22 00:00:00.000,0.0001,ARB,0.11562010888459402,1156.3167089548247
2024-08-22 08:00:00.000,8.801e-05,ARB,0.10176743355511413,1156.4184763883798
2024-08-22 16:00:00.000,1.742e-05,ARB,0.020144809858685574,1156.4386211982385
2024-08-23 00:00:00.000,0.0001,ARB,0.11564386211982386,1156.5542650603584
2024-08-23 08:00:00.000,6.24e-06,ARB,0.007216898613976637,1156.5614819589723
2024-08-23 16:00:00.000,2.611e-05,ARB,0.030197820293948765,1156.5916797792663
2024-08-24 00:00:00.000,-8.2e-05,Cash,2.8250483003485467,1159.4167280796148
2024-08-24 08:00:00.005,0.0001,ARB,0.11594167280796149,1159.5326697524229
2024-08-24 16:00:00.000,0.0001,ARB,0.11595326697524229,1159.6486230193982
2024-08-25 00:00:00.000,0.0001,ARB,0.11596486230193982,1159.7645878817002
2024-08-25 08:00:00.000,4.816e-05,ARB,0.05585426255238268,1159.8204421442526
2024-08-25 16:00:00.000,0.0001,ARB,0.11598204421442528,1159.936424188467
2024-08-26 00:00:00.000,6.259e-05,ARB,0.07260042078995615,1160.009024609257
2024-08-26 08:00:00.000,1.892e-05,ARB,0.021947370745607143,1160.0309719800027
2024-08-26 16:00:00.000,6.767e-05,ARB,0.07849929587388678,1160.1094712758766
2024-08-27 00:00:00.000,-1.141e-05,Cash,-1.7577321939794799,1158.351739081897
2024-08-27 08:00:00.000,5.076e-05,ARB,0.0587979342757971,1158.4105370161728
2024-08-27 16:00:00.000,3.81e-06,ARB,0.004413544146031618,1158.4149505603189
2024-08-28 00:00:00.000,-0.00019923,Cash,-4.396657652662468,1154.0182929076564
2024-08-28 08:00:00.000,-6.87e-05,Cash,0.0,1154.0182929076564
2024-08-28 16:00:00.000,-4.425e-05,Cash,0.0,1154.0182929076564
2024-08-29 00:00:00.000,1.765e-05,ARB,0.020368422869820133,1154.038661330526
2024-08-29 08:00:00.000,-7.321e-05,Cash,-4.018056030907841,1150.0206052996182
2024-08-29 16:00:00.000,1.49e-06,ARB,0.001713530701896431,1150.02231883032
2024-08-30 00:00:00.000,-1.219e-05,Cash,6.359090913772616,1156.3814097440927
2024-08-30 08:00:00.000,-5.516e-05,Cash,0.0,1156.3814097440927
2024-08-30 16:00:00.000,4.583e-05,ARB,0.05299696000857177,1156.4344067041013
2024-08-31 00:00:00.002,3.927e-05,ARB,0.045413179151270064,1156.4798198832525
2024-08-31 08:00:00.001,4.843e-05,ARB,0.05600831767694592,1156.5358282009295
2024-08-31 16:00:00.011,8.72e-06,ARB,0.010084992421912105,1156.5459131933515
2024-09-01 00:00:00.000,2.144e-05,ARB,0.024796344378865458,1156.5707095377304
2024-09-01 08:00:00.001,1.607e-05,ARB,0.01858609130227133,1156.5892956290327
2024-09-01 16:00:00.004,2.227e-05,ARB,0.025757243613658557,1156.6150528726464
2024-09-02 00:00:00.004,-3.476e-05,Cash,-9.982351073141507,1146.632701799505
2024-09-02 08:00:00.005,6.317e-05,ARB,0.07243278777267474,1146.7051345872776
2024-09-02 16:00:00.001,4.257e-05,ARB,0.04881523757938041,1146.753949824857
2024-09-03 00:00:00.002,8.979e-05,ARB,0.10296703715477393,1146.8569168620118
2024-09-03 08:00:00.001,8.124e-05,ARB,0.09317065592586983,1146.9500875179376
2024-09-03 16:00:00.000,5.205e-05,ARB,0.05969875205530865,1147.009786269993
2024-09-04 00:00:00.000,3.903e-05,ARB,0.04476779195811782,1147.054554061951
2024-09-04 08:00:00.000,-7.255e-05,Cash,1.247729432170683,1148.3022834941216
2024-09-04 16:00:00.000,-7.864e-05,Cash,0.0,1148.3022834941216
2024-09-05 00:00:00.001,0.0001,ARB,0.11483022834941217,1148.417113722471
2024-09-05 08:00:00.000,3.227e-05,ARB,0.03705942025982414,1148.4541731427307
2024-09-05 16:00:00.000,2.351e-05,ARB,0.0270001576105856,1148.4811733003412
2024-09-06 00:00:00.000,8.074e-05,ARB,0.09272836993226956,1148.5739016702735
2024-09-06 08:00:00.001,8.62e-06,ARB,0.009900707032397758,1148.5838023773058
2024-09-06 16:00:00.000,4.123e-05,ARB,0.047356110172016325,1148.6311584874777
2024-09-07 00:00:00.000,-0.00013492,Cash,-0.24653573084761998,1148.38462275663
2024-09-07 08:00:00.000,-8.341e-05,Cash,0.0,1148.38462275663
2024-09-07 16:00:00.000,-8.497e-05,Cash,0.0,1148.38462275663
2024-09-08 00:00:00.001,-5.6e-06,Cash,0.0,1148.38462275663
2024-09-08 08:00:00.000,7.7e-07,ARB,0.0008842561595226052,1148.3855070127895
2024-09-08 16:00:00.000,2.68e-06,ARB,0.003077673158794276,1148.3885846859482
2024-09-09 00:00:00.000,-1.815e-05,Cash,2.4890817423306424,1150.8776664282789
2024-09-09 08:00:00.000,-1.888e-05,Cash,0.0,1150.8776664282789
2024-09-09 16:00:00.000,3.942e-05,ARB,0.04536759761060275,1150.9230340258894
2024-09-10 00:00:00.000,4.093e-05,ARB,0.04710727978267965,1150.970141305672
2024-09-10 08:00:00.000,-4.31e-06,Cash,-25.384419837581138,1125.585721468091
2024-09-10 16:00:00.000,3.356e-05,ARB,0.03777465681246913,1125.6234961249033
2024-09-11 00:00:00.001,-2.831e-05,Cash,-4.907851054316614,1120.7156450705868
2024-09-11 08:00:00.000,-1.003e-05,Cash,0.0,1120.7156450705868
2024-09-11 16:00:00.000,3.69e-06,ARB,0.004135440730310465,1120.7197805113171
2024-09-12 00:00:00.000,1.423e-05,ARB,0.015947842476676043,1120.7357283537938
2024-09-12 08:00:00.000,7.317e-05,ARB,0.0820042332436471,1120.8177325870374
2024-09-12 16:00:00.000,8.226e-05,ARB,0.0921984666826097,1120.9099310537201
2024-09-13 00:00:00.001,1.212e-05,ARB,0.013585428364371087,1120.9235164820846
2024-09-13 08:00:00.001,-1.192e-05,Cash,-12.458798806103395,1108.464717675981
2024-09-13 16:00:00.000,3.738e-05,ARB,0.04143441114672817,1108.506152087128
2024-09-14 00:00:00.000,-5.585e-05,Cash,1.70235861418933,1110.2085107013172
2024-09-14 08:00:00.000,8.186e-05,ARB,0.09088166868600983,1110.2993923700033
2024-09-14 16:00:00.000,2.002e-05,ARB,0.022228193835247465,1110.3216205638385
2024-09-15 00:00:00.000,0.0001,ARB,0.11103216205638385,1110.4326527258947
2024-09-15 08:00:00.000,0.0001,ARB,0.11104326527258948,1110.5436959911674
2024-09-15 16:00:00.000,8.814e-05,ARB,0.0978833213646615,1110.641579312532
2024-09-16 00:00:00.001,0.0001,ARB,0.11106415793125321,1110.7526434704632
2024-09-16 08:00:00.000,6.067e-05,ARB,0.067389362879353,1110.8200328333426
2024-09-16 16:00:00.000,5.36e-05,ARB,0.05953995375986716,1110.8795727871025
2024-09-17 00:00:00.000,9.174e-05,ARB,0.10191209200748878,1110.98148487911
2024-09-17 08:00:00.000,0.0001,ARB,0.111098148487911,1111.0925830275978
2024-09-17 16:00:00.000,5.65e-05,ARB,0.06277673094105927,1111.155359758539
2024-09-18 00:00:00.000,1.163e-05,ARB,0.012922736833991809,1111.168282495373
2024-09-18 08:00:00.000,3.234e-05,ARB,0.03593518225590036,1111.2042176776288
2024-09-18 16:00:00.005,2.244e-05,ARB,0.024935422644685987,1111.2291531002734
2024-09-19 00:00:00.000,0.0001,ARB,0.11112291531002734,1111.3402760155834
2024-09-19 08:00:00.000,0.0001,ARB,0.11113402760155834,1111.451410043185
2024-09-19 16:00:00.000,9.2e-05,ARB,0.10225352972397302,1111.553663572909
2024-09-20 00:00:00.000,0.0001,ARB,0.11115536635729091,1111.6648189392663
2024-09-20 08:00:00.001,3.752e-05,ARB,0.04170966400660127,1111.706528603273
2024-09-20 16:00:00.002,0.0001,ARB,0.1111706528603273,1111.8176992561334
2024-09-21 00:00:00.007,7.215e-05,ARB,0.08021764700133004,1111.8979169031347
2024-09-21 08:00:00.000,4.339e-05,ARB,0.04824525061442702,1111.9461621537491
2024-09-21 16:00:00.000,3.77e-06,ARB,0.004192037031319634,1111.9503541907804
2024-09-22 00:00:00.000,5.393e-05,ARB,0.05996748260150879,1112.010321673382
2024-09-22 08:00:00.000,4.679e-05,ARB,0.052030962951097534,1112.062352636333
2024-09-22 16:00:00.001,9.871e-05,ARB,0.10977167482873242,1112.1721243111617
2024-09-23 00:00:00.001,7.88e-05,ARB,0.08763916339571955,1112.2597634745575
2024-09-23 08:00:00.000,7.433e-05,ARB,0.08267426821906386,1112.3424377427766
2024-09-23 16:00:00.000,5.55e-05,ARB,0.0617350052947241,1112.4041727480712
2024-09-24 00:00:00.000,5.755e-05,ARB,0.0640188601416515,1112.468191608213
2024-09-24 08:00:00.000,2.593e-05,ARB,0.02884630020840096,1112.4970379084214
2024-09-24 16:00:00.000,3.666e-05,ARB,0.040784141409722724,1112.537822049831
2024-09-25 00:00:00.000,0.0001,ARB,0.11125378220498311,1112.649075832036
2024-09-25 08:00:00.000,5.447e-05,ARB,0.060605995160571004,1112.7096818271966
2024-09-25 16:00:00.000,3.277e-05,ARB,0.03646349627347723,1112.74614532347
2024-09-26 00:00:00.000,5.938e-05,ARB,0.06607486610930764,1112.8122201895794
2024-09-26 08:00:00.001,0.0001,ARB,0.11128122201895795,1112.9235014115984
2024-09-26 16:00:00.000,0.0001,ARB,0.11129235014115985,1113.0347937617396
2024-09-27 00:00:00.000,5.991e-05,ARB,0.06668191449426582,1113.1014756762338
2024-09-27 08:00:00.001,5.893e-05,ARB,0.06559506996160046,1113.1670707461953
2024-09-27 16:00:00.000,0.0001,ARB,0.11131670707461953,1113.27838745327
2024-09-28 00:00:00.000,0.0001,ARB,0.11132783874532699,1113.3897152920154
2024-09-28 08:00:00.000,0.0001,ARB,0.11133897152920154,1113.5010542635446
2024-09-28 16:00:00.000,0.0001,ARB,0.11135010542635446,1113.6124043689708
2024-09-29 00:00:00.000,0.0001,ARB,0.11136124043689709,1113.7237656094078
2024-09-29 08:00:00.000,8.236e-05,ARB,0.09172628933559084,1113.8154918987434
2024-09-29 16:00:00.000,0.0001,ARB,0.11138154918987435,1113.9268734479333
2024-09-30 00:00:00.000,0.0001,ARB,0.11139268734479334,1114.038266135278
2024-09-30 08:00:00.001,8.55e-05,ARB,0.09525027175456628,1114.1335164070326
2024-09-30 16:00:00.000,9.91e-05,ARB,0.11041063147593692,1114.2439270385087
2024-10-01 00:00:00.000,0.0001,ARB,0.11142439270385088,1114.3553514312125
2024-10-01 08:00:00.000,0.0001,ARB,0.11143553514312125,1114.4667869663556
2024-10-01 16:00:00.000,8.298e-05,ARB,0.09247845398246818,1114.559265420338
2024-10-02 00:00:00.000,-8.817e-05,Cash,7.9976515624113205,1122.5569169827495
2024-10-02 08:00:00.000,-2.887e-05,Cash,0.0,1122.5569169827495
2024-10-02 16:00:00.000,4.283e-05,ARB,0.04807911275437116,1122.6049960955038
2024-10-03 00:00:00.000,9.38e-05,ARB,0.10530034863375826,1122.7102964441376
2024-10-03 08:00:00.000,4.645e-05,ARB,0.05214989326983019,1122.7624463374075
2024-10-03 16:00:00.000,8.589e-05,ARB,0.09643406651591993,1122.8588804039234
2024-10-04 00:00:00.000,5.189e-05,ARB,0.05826514730415958,1122.9171455512276
2024-10-04 08:00:00.000,9.306e-05,ARB,0.10449866956499723,1123.0216442207925
2024-10-04 16:00:00.000,7.046e-05,ARB,0.07912810505179704,1123.1007723258442
2024-10-05 00:00:00.000,7.8e-06,ARB,0.008760186024141584,1123.1095325118683
2024-10-05 08:00:00.001,9.818e-05,ARB,0.11026689390201523,1123.2197994057703
2024-10-05 16:00:00.000,6.413e-05,ARB,0.07203208573589205,1123.2918314915062
2024-10-06 00:00:00.001,0.0001,ARB,0.11232918314915062,1123.4041606746553
2024-10-06 08:00:00.000,8.655e-05,ARB,0.09723063010639142,1123.5013913047617
2024-10-06 16:00:00.000,0.0001,ARB,0.11235013913047617,1123.6137414438922
2024-10-07 00:00:00.001,8.209e-05,ARB,0.0922374520351291,1123.7059788959273
2024-10-07 08:00:00.001,0.0001,ARB,0.11237059788959274,1123.8183494938169
2024-10-07 16:00:00.001,0.0001,ARB,0.1123818349493817,1123.9307313287663
2024-10-08 00:00:00.000,7.718e-05,ARB,0.08674497384395419,1124.0174763026102
2024-10-08 08:00:00.000,8.84e-05,ARB,0.09936314490515073,1124.1168394475153
2024-10-08 16:00:00.001,0.0001,ARB,0.11241168394475154,1124.2292511314602
2024-10-09 00:00:00.000,0.0001,ARB,0.11242292511314603,1124.3416740565733
2024-10-09 08:00:00.000,0.0001,ARB,0.11243416740565734,1124.454108223979
2024-10-09 16:00:00.000,0.0001,ARB,0.1124454108223979,1124.5665536348013
2024-10-10 00:00:00.000,0.0001,ARB,0.11245665536348014,1124.6790102901648
2024-10-10 08:00:00.001,0.0001,ARB,0.11246790102901648,1124.7914781911938
2024-10-10 16:00:00.000,0.0001,ARB,0.11247914781911938,1124.903957339013
2024-10-11 00:00:00.000,-7.79e-06,Cash,0.0522630974007027,1124.9562204364138
2024-10-11 08:00:00.000,-2.667e-05,Cash,0.0,1124.9562204364138
2024-10-11 16:00:00.000,5.817e-05,ARB,0.06543870334278619,1125.0216591397566
2024-10-12 00:00:00.000,0.0001,ARB,0.11250216591397566,1125.1341613056707
2024-10-12 08:00:00.000,0.0001,ARB,0.11251341613056708,1125.2466747218011
2024-10-12 16:00:00.000,5.207e-05,ARB,0.05859159435276418,1125.3052663161538
2024-10-13 00:00:00.000,0.0001,ARB,0.11253052663161539,1125.4177968427855
2024-10-13 08:00:00.000,0.0001,ARB,0.11254177968427856,1125.5303386224698
2024-10-13 16:00:00.000,0.0001,ARB,0.11255303386224698,1125.642891656332
2024-10-14 00:00:00.000,0.0001,ARB,0.11256428916563321,1125.7554559454977
2024-10-14 08:00:00.000,0.0001,ARB,0.11257554559454978,1125.8680314910923
2024-10-14 16:00:00.000,0.0001,ARB,0.11258680314910924,1125.9806182942414
2024-10-15 00:00:00.000,0.0001,ARB,0.11259806182942414,1126.0932163560708
2024-10-15 08:00:00.000,0.0001,ARB,0.11260932163560708,1126.2058256777063
2024-10-15 16:00:00.000,0.0001,ARB,0.11262058256777063,1126.3184462602742
2024-10-16 00:00:00.000,9.656e-05,ARB,0.10875730917089207,1126.427203569445
2024-10-16 08:00:00.000,4.599e-05,ARB,0.051804387092158774,1126.4790079565373
2024-10-16 16:00:00.000,0.0001,ARB,0.11264790079565373,1126.591655857333
2024-10-17 00:00:00.000,6.725e-05,ARB,0.07576328885640564,1126.6674191461896
2024-10-17 08:00:00.000,3.823e-05,ARB,0.04307249543395882,1126.7104916416235
2024-10-17 16:00:00.000,0.0001,ARB,0.11267104916416236,1126.8231626907877
2024-10-18 00:00:00.009,0.0001,ARB,0.11268231626907878,1126.9358450070567
2024-10-18 08:00:00.001,5.982e-05,ARB,0.06741330224832214,1127.003258309305
2024-10-18 16:00:00.000,0.0001,ARB,0.11270032583093051,1127.115958635136
2024-10-19 00:00:00.001,9.031e-05,ARB,0.10178984222433912,1127.2177484773604
2024-10-19 08:00:00.001,0.0001,ARB,0.11272177484773604,1127.3304702522082
2024-10-19 16:00:00.000,0.0001,ARB,0.11273304702522083,1127.4432032992333
2024-10-20 00:00:00.000,0.0001,ARB,0.11274432032992333,1127.5559476195633
2024-10-20 08:00:00.000,0.0001,ARB,0.11275559476195633,1127.6687032143252
2024-10-20 16:00:00.000,0.0001,ARB,0.11276687032143252,1127.7814700846466
2024-10-21 00:00:00.000,0.0001,ARB,0.11277814700846467,1127.894248231655
2024-10-21 08:00:00.000,0.0001,ARB,0.11278942482316551,1128.0070376564781
2024-10-21 16:00:00.000,0.0001,ARB,0.11280070376564783,1128.1198383602439
2024-10-22 00:00:00.000,0.0001,ARB,0.1128119838360244,1128.23265034408
2024-10-22 08:00:00.000,0.0001,ARB,0.112823265034408,1128.3454736091144
2024-10-22 16:00:00.000,0.0001,ARB,0.11283454736091145,1128.4583081564754
2024-10-23 00:00:00.000,0.0001,ARB,0.11284583081564754,1128.571153987291
2024-10-23 08:00:00.001,0.0001,ARB,0.1128571153987291,1128.6840111026897
2024-10-23 16:00:00.000,0.0001,ARB,0.11286840111026898,1128.7968795038
2024-10-24 00:00:00.000,0.0001,ARB,0.11287968795038,1128.9097591917505
2024-10-24 08:00:00.000,0.0001,ARB,0.11289097591917506,1129.0226501676696
2024-10-24 16:00:00.000,0.0001,ARB,0.11290226501676696,1129.1355524326864
2024-10-25 00:00:00.001,0.0001,ARB,0.11291355524326864,1129.2484659879296
2024-10-25 08:00:00.000,0.0001,ARB,0.11292484659879297,1129.3613908345285
2024-10-25 16:00:00.000,0.0001,ARB,0.11293613908345286,1129.474326973612
2024-10-26 00:00:00.000,0.0001,ARB,0.11294743269736121,1129.5872744063095
2024-10-26 08:00:00.000,0.0001,ARB,0.11295872744063096,1129.70023313375
2024-10-26 16:00:00.000,0.0001,ARB,0.11297002331337501,1129.8132031570635
2024-10-27 00:00:00.000,0.0001,ARB,0.11298132031570636,1129.9261844773791
2024-10-27 08:00:00.000,0.0001,ARB,0.11299261844773792,1130.039177095827
2024-10-27 16:00:00.000,0.0001,ARB,0.11300391770958271,1130.1521810135366
2024-10-28 00:00:00.000,0.0001,ARB,0.11301521810135366,1130.265196231638
2024-10-28 08:00:00.000,0.0001,ARB,0.11302651962316379,1130.378222751261
2024-10-28 16:00:00.000,0.0001,ARB,0.11303782227512611,1130.4912605735362
2024-10-29 00:00:00.000,0.0001,ARB,0.11304912605735364,1130.6043096995936
2024-10-29 08:00:00.000,0.0001,ARB,0.11306043096995937,1130.7173701305635
2024-10-29 16:00:00.000,0.0001,ARB,0.11307173701305635,1130.8304418675766
2024-10-30 00:00:00.000,0.0001,ARB,0.11308304418675767,1130.9435249117635
2024-10-30 08:00:00.000,0.0001,ARB,0.11309435249117634,1131.0566192642546
2024-10-30 16:00:00.010,0.0001,ARB,0.11310566192642546,1131.169724926181
2024-10-31 00:00:00.006,0.0001,ARB,0.11311697249261811,1131.2828418986737
2024-10-31 08:00:00.006,0.0001,ARB,0.11312828418986738,1131.3959701828635
2024-10-31 16:00:00.000,0.0001,ARB,0.11313959701828635,1131.5091097798818
2024-11-01 00:00:00.000,0.0001,ARB,0.11315091097798818,1131.6222606908598
2024-11-01 08:00:00.000,0.0001,ARB,0.11316222606908598,1131.7354229169289
2024-11-01 16:00:00.000,0.0001,ARB,0.1131735422916929,1131.8485964592205
2024-11-02 00:00:00.000,0.0001,ARB,0.11318485964592205,1131.9617813188665
2024-11-02 08:00:00.000,0.0001,ARB,0.11319617813188666,1132.0749774969984
2024-11-02 16:00:00.000,0.0001,ARB,0.11320749774969985,1132.188184994748
2024-11-03 00:00:00.001,0.0001,ARB,0.11321881849947482,1132.3014038132476
2024-11-03 08:00:00.000,0.0001,ARB,0.11323014038132477,1132.414633953629
2024-11-03 16:00:00.000,0.0001,ARB,0.1132414633953629,1132.5278754170242
2024-11-04 00:00:00.000,0.0001,ARB,0.11325278754170243,1132.641128204566
2024-11-04 08:00:00.000,0.0001,ARB,0.1132641128204566,1132.7543923173864
2024-11-04 16:00:00.000,0.0001,ARB,0.11327543923173865,1132.8676677566182
2024-11-05 00:00:00.000,-6e-08,Cash,3.9800596189318274,1136.84772737555
2024-11-05 08:00:00.000,6.003e-05,ARB,0.06824496907435426,1136.9159723446244
2024-11-05 16:00:00.000,0.0001,ARB,0.11369159723446244,1137.0296639418589
2024-11-06 00:00:00.000,-4.231e-05,Cash,25.635544699823658,1162.6652086416825
2024-11-06 08:00:00.000,0.0001,ARB,0.11626652086416826,1162.7814751625467
2024-11-06 16:00:00.000,0.0001,ARB,0.11627814751625468,1162.897753310063
2024-11-07 00:00:00.000,0.0001,ARB,0.11628977533100632,1163.0140430853942
2024-11-07 08:00:00.000,0.0001,ARB,0.11630140430853943,1163.1303444897028
2024-11-07 16:00:00.001,0.0001,ARB,0.11631303444897029,1163.2466575241517
2024-11-08 00:00:00.001,1.812e-05,ARB,0.02107802943433763,1163.2677355535861
2024-11-08 08:00:00.000,0.0001,ARB,0.11632677355535861,1163.3840623271415
2024-11-08 16:00:00.000,0.0001,ARB,0.11633840623271416,1163.5004007333741
2024-11-09 00:00:00.001,5.72e-05,ARB,0.066552222921949,1163.566952956296
2024-11-09 08:00:00.000,0.0001,ARB,0.11635669529562961,1163.6833096515918
2024-11-09 16:00:00.000,0.0001,ARB,0.11636833096515918,1163.799677982557
2024-11-10 00:00:00.000,0.0001,ARB,0.1163799677982557,1163.9160579503553
2024-11-10 08:00:00.000,0.00014494,ARB,0.16869799343932448,1164.0847559437946
2024-11-10 16:00:00.000,0.0001,ARB,0.11640847559437946,1164.201164419389
2024-11-11 00:00:00.000,0.00017488,ARB,0.20359549963366275,1164.4047599190226
2024-11-11 08:00:00.000,0.0001,ARB,0.11644047599190227,1164.5212003950144
2024-11-11 16:00:00.000,0.0001,ARB,0.11645212003950145,1164.6376525150538
2024-11-12 00:00:00.002,0.0001,ARB,0.11646376525150538,1164.7541162803052
2024-11-12 08:00:00.000,0.00021856,ARB,0.2545686596542235,1165.0086849399595
2024-11-12 16:00:00.000,0.0002593,ARB,0.3020867520049315,1165.3107716919644
2024-11-13 00:00:00.000,0.0001,ARB,0.11653107716919645,1165.4273027691336
2024-11-13 08:00:00.002,0.0001,ARB,0.11654273027691336,1165.5438454994105
2024-11-13 16:00:00.000,0.0001,ARB,0.11655438454994106,1165.6603998839605
2024-11-14 00:00:00.001,0.0001,ARB,0.11656603998839606,1165.7769659239489
2024-11-14 08:00:00.000,0.0001,ARB,0.11657769659239489,1165.8935436205413
2024-11-14 16:00:00.000,0.0001,ARB,0.11658935436205414,1166.0101329749034
2024-11-15 00:00:00.001,0.0001,ARB,0.11660101329749034,1166.1267339882008
2024-11-15 08:00:00.000,0.0001,ARB,0.11661267339882009,1166.2433466615996
2024-11-15 16:00:00.000,0.0001,ARB,0.11662433466615997,1166.3599709962657
2024-11-16 00:00:00.000,0.0001,ARB,0.11663599709962658,1166.4766069933653
2024-11-16 08:00:00.001,0.0001,ARB,0.11664766069933653,1166.5932546540646
2024-11-16 16:00:00.000,0.0001,ARB,0.11665932546540647,1166.70991397953
2024-11-17 00:00:00.000,0.0001,ARB,0.116670991397953,1166.826584970928
2024-11-17 08:00:00.000,0.0001,ARB,0.1166826584970928,1166.943267629425
2024-11-17 16:00:00.000,0.00014277,ARB,0.16660449031945299,1167.1098721197445
2024-11-18 00:00:00.001,0.0001,ARB,0.11671098721197445,1167.2265831069565
2024-11-18 08:00:00.000,0.00033383,ARB,0.3896552502385953,1167.616238357195
2024-11-18 16:00:00.001,0.0001346,ARB,0.15716114568287845,1167.773399502878
2024-11-19 00:00:00.000,0.0001,ARB,0.1167773399502878,1167.8901768428282
2024-11-19 08:00:00.000,0.00035448,ARB,0.41399370988724576,1168.3041705527155
2024-11-19 16:00:00.004,0.0001758,ARB,0.20538787318316737,1168.5095584258986
2024-11-20 00:00:00.000,0.0001,ARB,0.11685095584258987,1168.6264093817413
2024-11-20 08:00:00.002,0.0001,ARB,0.11686264093817414,1168.7432720226795
2024-11-20 16:00:00.000,0.0001,ARB,0.11687432720226797,1168.860146349882
2024-11-21 00:00:00.000,0.0001,ARB,0.1168860146349882,1168.9770323645168
2024-11-21 08:00:00.000,0.0001,ARB,0.11689770323645168,1169.0939300677533
2024-11-21 16:00:00.000,0.0001,ARB,0.11690939300677533,1169.21083946076
2024-11-22 00:00:00.000,0.0001,ARB,0.11692108394607602,1169.3277605447063
2024-11-22 08:00:00.005,0.0001,ARB,0.11693277605447064,1169.4446933207607
2024-11-22 16:00:00.000,0.0001,ARB,0.11694446933207608,1169.5616377900928
2024-11-23 00:00:00.000,0.0001,ARB,0.11695616377900929,1169.6785939538718
2024-11-23 08:00:00.000,0.0001,ARB,0.11696785939538719,1169.795561813267
2024-11-23 16:00:00.000,0.0001,ARB,0.11697955618132672,1169.9125413694485
2024-11-24 00:00:00.001,0.0001,ARB,0.11699125413694486,1170.0295326235855
2024-11-24 08:00:00.000,0.0001,ARB,0.11700295326235856,1170.1465355768478
2024-11-24 16:00:00.000,0.00018429,ARB,0.2156463050414573,1170.3621818818892
2024-11-25 00:00:00.000,0.00024579,ARB,0.2876633206847496,1170.649845202574
2024-11-25 08:00:00.000,0.0001,ARB,0.1170649845202574,1170.7669101870943
2024-11-25 16:00:00.000,0.00037758,ARB,0.442058169948443,1171.2089683570427
2024-11-26 00:00:00.000,0.00011425,ARB,0.13381062463479212,1171.3427789816776
2024-11-26 08:00:00.000,0.0001,ARB,0.11713427789816777,1171.4599132595758
2024-11-26 16:00:00.000,0.000224,ARB,0.262407020570145,1171.722320280146
2024-11-27 00:00:00.000,0.0004024,ARB,0.4715010616807308,1172.1938213418268
2024-11-27 08:00:00.000,0.00029796,ARB,0.3492668710070107,1172.543088212834
2024-11-27 16:00:00.000,0.00014736,ARB,0.17278594947904322,1172.715874162313
2024-11-28 00:00:00.000,0.0001,ARB,0.1172715874162313,1172.8331457497293
2024-11-28 08:00:00.000,0.0001,ARB,0.11728331457497293,1172.9504290643042
2024-11-28 16:00:00.000,0.0001,ARB,0.11729504290643043,1173.0677241072106
2024-11-29 00:00:00.000,0.00015421,ARB,0.18089877373457294,1173.248622880945
2024-11-29 08:00:00.000,0.0001858,ARB,0.21798959413127958,1173.4666124750763
2024-11-29 16:00:00.000,0.0001,ARB,0.11734666124750764,1173.5839591363238
2024-11-30 00:00:00.000,0.0001,ARB,0.11735839591363238,1173.7013175322375
2024-11-30 08:00:00.000,0.00019026,ARB,0.2233084126736835,1173.9246259449112
2024-11-30 16:00:00.000,0.0001,ARB,0.11739246259449113,1174.0420184075058
2024-12-01 00:00:00.000,0.0001,ARB,0.11740420184075058,1174.1594226093466
2024-12-01 08:00:00.000,0.00015991,ARB,0.18775983326946064,1174.347182442616
2024-12-01 16:00:00.001,0.0001,ARB,0.1174347182442616,1174.4646171608604
2024-12-02 00:00:00.000,0.0001239,ARB,0.1455161660662306,1174.6101333269266
2024-12-02 08:00:00.000,0.00012554,ARB,0.14746055613786235,1174.7575938830646
2024-12-02 16:00:00.000,0.00018086,ARB,0.21246665842969106,1174.9700605414944
2024-12-03 00:00:00.001,0.0001,ARB,0.11749700605414945,1175.0875575475486
2024-12-03 08:00:00.000,0.00014709,ARB,0.17284362883966892,1175.2604011763883
2024-12-03 16:00:00.000,0.0001,ARB,0.11752604011763884,1175.377927216506
2024-12-04 00:00:00.000,0.0001,ARB,0.11753779272165059,1175.4954650092275
2024-12-04 08:00:00.000,0.00012502,ARB,0.1469604430354536,1175.6424254522628
2024-12-04 16:00:00.000,0.00027238,ARB,0.32022148384468735,1175.9626469361076
2024-12-05 00:00:00.000,0.0001,ARB,0.11759626469361077,1176.0802432008013
2024-12-05 08:00:00.001,0.00068177,ARB,0.8018162274070104,1176.8820594282083
2024-12-05 16:00:00.000,0.00041965,ARB,0.4938785562390476,1177.3759379844473
2024-12-06 00:00:00.000,0.0001,ARB,0.11773759379844474,1177.4936755782458
2024-12-06 08:00:00.000,0.0001,ARB,0.11774936755782459,1177.6114249458035
2024-12-06 16:00:00.000,0.0001,ARB,0.11776114249458035,1177.729186088298
2024-12-07 00:00:00.000,0.0001,ARB,0.11777291860882981,1177.846959006907
2024-12-07 08:00:00.000,0.0001,ARB,0.1177846959006907,1177.9647437028075
2024-12-07 16:00:00.000,0.0001,ARB,0.11779647437028075,1178.0825401771779
2024-12-08 00:00:00.000,0.0001,ARB,0.11780825401771779,1178.2003484311956
2024-12-08 08:00:00.000,0.0001,ARB,0.11782003484311956,1178.3181684660387
2024-12-08 16:00:00.001,0.0001,ARB,0.11783181684660388,1178.4360002828853
2024-12-09 00:00:00.000,0.0001,ARB,0.11784360002828853,1178.5538438829135
2024-12-09 08:00:00.000,0.0001,ARB,0.11785538438829135,1178.6716992673018
2024-12-09 16:00:00.013,0.0001,ARB,0.11786716992673019,1178.7895664372286
2024-12-10 00:00:00.017,0.0001,ARB,0.11787895664372286,1178.9074453938724
2024-12-10 08:00:00.000,0.0001,ARB,0.11789074453938725,1179.0253361384118
2024-12-10 16:00:00.000,0.0001,ARB,0.11790253361384119,1179.1432386720257
2024-12-11 00:00:00.000,0.0001,ARB,0.11791432386720258,1179.2611529958929
2024-12-11 08:00:00.000,0.0001,ARB,0.1179261152995893,1179.3790791111924
2024-12-11 16:00:00.001,0.0001,ARB,0.11793790791111924,1179.4970170191034
2024-12-12 00:00:00.001,0.0001,ARB,0.11794970170191034,1179.6149667208053
2024-12-12 08:00:00.000,0.0001,ARB,0.11796149667208054,1179.7329282174774
2024-12-12 16:00:00.000,0.0001,ARB,0.11797329282174775,1179.850901510299
2024-12-13 00:00:00.000,0.0001,ARB,0.11798509015102991,1179.96888660045
2024-12-13 08:00:00.000,0.0001,ARB,0.11799688866004501,1180.08688348911
2024-12-13 16:00:00.000,0.0001,ARB,0.11800868834891101,1180.204892177459
2024-12-14 00:00:00.000,0.0001,ARB,0.11802048921774591,1180.3229126666768
2024-12-14 08:00:00.000,0.0001,ARB,0.11803229126666769,1180.4409449579434
2024-12-14 16:00:00.000,0.0001,ARB,0.11804409449579435,1180.5589890524393
2024-12-15 00:00:00.000,0.0001,ARB,0.11805589890524394,1180.6770449513444
2024-12-15 08:00:00.000,0.0001,ARB,0.11806770449513446,1180.7951126558396
2024-12-15 16:00:00.000,0.0001,ARB,0.11807951126558397,1180.913192167105
2024-12-16 00:00:00.000,0.00017118,ARB,0.20214872023516506,1181.1153408873402
2024-12-16 08:00:00.000,0.0001,ARB,0.11811153408873402,1181.2334524214289
2024-12-16 16:00:00.001,0.0001,ARB,0.1181233452421429,1181.351575766671
2024-12-17 00:00:00.000,0.0001,ARB,0.11813515757666711,1181.4697109242477
2024-12-17 08:00:00.001,0.0001,ARB,0.11814697109242478,1181.5878578953402
2024-12-17 16:00:00.000,0.0001,ARB,0.11815878578953402,1181.7060166811298
2024-12-18 00:00:00.000,0.0001,ARB,0.11817060166811298,1181.824187282798
2024-12-18 08:00:00.000,0.0001,ARB,0.11818241872827981,1181.9423697015263
2024-12-18 16:00:00.000,0.0001,ARB,0.11819423697015263,1182.0605639384964
2024-12-19 00:00:00.001,0.0001,ARB,0.11820605639384965,1182.1787699948902
2024-12-19 08:00:00.000,0.0001,ARB,0.11821787699948903,1182.2969878718898
2024-12-19 16:00:00.000,0.0001,ARB,0.11822969878718899,1182.415217570677
2024-12-20 00:00:00.000,0.0001,ARB,0.1182415217570677,1182.533459092434
2024-12-20 08:00:00.000,0.0001,ARB,0.1182533459092434,1182.6517124383433
2024-12-20 16:00:00.000,0.0001,ARB,0.11826517124383434,1182.7699776095872
2024-12-21 00:00:00.000,0.0001,ARB,0.11827699776095872,1182.888254607348
2024-12-21 08:00:00.000,0.0001,ARB,0.11828882546073481,1183.0065434328087
2024-12-21 16:00:00.001,0.0001,ARB,0.11830065434328088,1183.124844087152
2024-12-22 00:00:00.000,0.0001,ARB,0.11831248440871521,1183.2431565715608
2024-12-22 08:00:00.000,0.0001,ARB,0.11832431565715609,1183.361480887218
2024-12-22 16:00:00.000,0.0001,ARB,0.11833614808872181,1183.4798170353067
2024-12-23 00:00:00.000,0.0001,ARB,0.11834798170353068,1183.5981650170102
2024-12-23 08:00:00.000,0.0001,ARB,0.11835981650170102,1183.7165248335118
2024-12-23 16:00:00.000,0.0001,ARB,0.11837165248335119,1183.8348964859952
2024-12-24 00:00:00.000,0.0001,ARB,0.11838348964859952,1183.9532799756437
2024-12-24 08:00:00.000,0.0001,ARB,0.11839532799756437,1184.0716753036413
2024-12-24 16:00:00.000,0.0001,ARB,0.11840716753036414,1184.1900824711718
2024-12-25 00:00:00.003,0.0001,ARB,0.11841900824711718,1184.308501479419
2024-12-25 08:00:00.000,0.0001,ARB,0.1184308501479419,1184.4269323295669
2024-12-25 16:00:00.000,0.0001,ARB,0.1184426932329567,1184.5453750227998
2024-12-26 00:00:00.000,0.0001,ARB,0.11845453750228,1184.663829560302
2024-12-26 08:00:00.001,0.0001,ARB,0.11846638295603021,1184.782295943258
2024-12-26 16:00:00.000,0.0001,ARB,0.11847822959432582,1184.9007741728524
2024-12-27 00:00:00.000,0.0001,ARB,0.11849007741728525,1185.0192642502698
2024-12-27 08:00:00.001,0.0001,ARB,0.11850192642502698,1185.1377661766949
2024-12-27 16:00:00.000,0.0001,ARB,0.11851377661766949,1185.2562799533125
2024-12-28 00:00:00.000,0.0001,ARB,0.11852562799533126,1185.3748055813078
2024-12-28 08:00:00.000,0.0001,ARB,0.11853748055813078,1185.493343061866
2024-12-28 16:00:00.001,0.0001,ARB,0.1185493343061866,1185.6118923961722
2024-12-29 00:00:00.000,0.0001,ARB,0.11856118923961723,1185.7304535854119
2024-12-29 08:00:00.000,0.0001,ARB,0.11857304535854118,1185.8490266307704
2024-12-29 16:00:00.000,0.0001,ARB,0.11858490266307704,1185.9676115334335
2024-12-30 00:00:00.000,-3.543e-05,Cash,0.4502262674796361,1186.417837800913
2024-12-30 08:00:00.000,0.0001,ARB,0.11864178378009131,1186.536479584693
2024-12-30 16:00:00.000,0.0001,ARB,0.11865364795846932,1186.6551332326517
2024-12-31 00:00:00.000,0.0001,ARB,0.11866551332326518,1186.773798745975
2024-12-31 08:00:00.001,0.0001,ARB,0.1186773798745975,1186.8924761258495
2024-12-31 16:00:00.000,0.0001,ARB,0.11868924761258495,1187.011165373462
